context_id,vignette_id,mean_rating,weight_all30,weight_analysis_pool,source_id_context,game_context,frame,source_id_vignette,game_vignette,setting,setting_code,sender_category,sender_action,receiver_action,joint_action,in_analysis_pool
T01,V01,29.0,0.0188753811201652,0.02262458546034754,UG_MARKET,UG,Market,TG-C-CC-P,TG,personal,P,Cooperation,C,C,C-C,True
T01,V02,50.666666666666664,0.032948952992923504,,UG_MARKET,UG,Market,DG-S-K,DG,anonymous market,K,Self-interest,D,None,D-NA,False
T01,V03,27.0,0.01757084603561661,0.021041897762934556,UG_MARKET,UG,Market,TG-S-DC-P,TG,personal,P,Self-interest,D,C,D-C,True
T01,V04,33.666666666666664,0.021719690238921757,,UG_MARKET,UG,Market,DG-S-P,DG,personal,P,Self-interest,D,None,D-NA,False
T01,V05,89.33333333333333,0.058272196006486865,0.06982727332938794,UG_MARKET,UG,Market,UG-S-DD-K,UG,anonymous market,K,Self-interest,D,D,D-D,True
T01,V06,33.0,0.021433972823675467,0.025703199470783488,UG_MARKET,UG,Market,TG-M-CC-K,TG,anonymous market,K,Moral,C,C,C-C,True
T01,V07,37.0,0.023936402713375108,,UG_MARKET,UG,Market,DG-M-P,DG,personal,P,Moral,C,None,C-NA,False
T01,V08,73.66666666666667,0.04807668262757515,0.05754404847794999,UG_MARKET,UG,Market,UG-C-CC-P,UG,personal,P,Cooperation,C,C,C-C,True
T01,V09,90.0,0.05872975720529721,0.070351382344063,UG_MARKET,UG,Market,UG-S-DC-K,UG,anonymous market,K,Self-interest,D,C,D-C,True
T01,V10,72.0,0.04696832639034848,0.056220502111420295,UG_MARKET,UG,Market,UG-C-CC-K,UG,anonymous market,K,Cooperation,C,C,C-C,True
T01,V11,34.333333333333336,0.022313548461496968,0.02676469132997566,UG_MARKET,UG,Market,TG-S-DC-K,TG,anonymous market,K,Self-interest,D,C,D-C,True
T01,V12,72.66666666666667,0.0475209545049008,0.05695050790746801,UG_MARKET,UG,Market,UG-S-DD-P,UG,personal,P,Self-interest,D,D,D-D,True
T01,V13,78.0,0.05083734319383917,0.060849429806676604,UG_MARKET,UG,Market,UG-M-CC-K,UG,anonymous market,K,Moral,C,C,C-C,True
T01,V14,78.0,0.05083734319383917,0.060849429806676604,UG_MARKET,UG,Market,UG-M-CD-K,UG,anonymous market,K,Moral,C,D,C-D,True
T01,V15,68.0,0.04440384467140637,0.05317426211357696,UG_MARKET,UG,Market,UG-M-CD-P,UG,personal,P,Moral,C,D,C-D,True
T01,V16,28.0,0.01819198432966561,0.021822234932038654,UG_MARKET,UG,Market,TG-C-CD-P,TG,personal,P,Cooperation,C,D,C-D,True
T01,V17,46.333333333333336,0.030057678751118328,,UG_MARKET,UG,Market,DG-C-K,DG,anonymous market,K,Cooperation,C,None,C-NA,False
T01,V18,29.0,0.018821957646862366,0.022554011082253828,UG_MARKET,UG,Market,TG-M-CC-P,TG,personal,P,Moral,C,C,C-C,True
T01,V19,34.0,0.022058056125440383,0.026467349633591278,UG_MARKET,UG,Market,TG-C-CD-K,TG,anonymous market,K,Cooperation,C,D,C-D,True
T01,V20,69.66666666666667,0.045547747668432226,0.05448453465026459,UG_MARKET,UG,Market,UG-M-CC-P,UG,personal,P,Moral,C,C,C-C,True
T01,V21,73.0,0.04764583316541623,0.0570552266523218,UG_MARKET,UG,Market,UG-C-CD-K,UG,anonymous market,K,Cooperation,C,D,C-D,True
T01,V22,37.333333333333336,0.02413847157612886,,UG_MARKET,UG,Market,DG-C-P,DG,personal,P,Cooperation,C,None,C-NA,False
T01,V23,74.0,0.0483025182192644,0.05782228999158382,UG_MARKET,UG,Market,UG-C-CD-P,UG,personal,P,Cooperation,C,D,C-D,True
T01,V24,33.333333333333336,0.02163015167099738,0.025962340801666775,UG_MARKET,UG,Market,TG-S-DD-K,TG,anonymous market,K,Self-interest,D,D,D-D,True
T01,V25,32.333333333333336,0.020979356632581044,0.02516290344981213,UG_MARKET,UG,Market,TG-M-CD-K,TG,anonymous market,K,Moral,C,D,C-D,True
T01,V26,35.0,0.022741452915939972,0.027269700161900164,UG_MARKET,UG,Market,TG-C-CC-K,TG,anonymous market,K,Cooperation,C,C,C-C,True
T01,V27,73.0,0.047749735104305975,0.05721256241480554,UG_MARKET,UG,Market,UG-S-DC-P,UG,personal,P,Self-interest,D,C,D-C,True
T01,V28,50.0,0.03244091332852626,,UG_MARKET,UG,Market,DG-M-K,DG,anonymous market,K,Moral,C,None,C-NA,False
T01,V29,28.0,0.018135615848646855,0.02176784756024125,UG_MARKET,UG,Market,TG-M-CD-P,TG,personal,P,Moral,C,D,C-D,True
T01,V30,26.333333333333332,0.017113284836806273,0.020517788748259505,UG_MARKET,UG,Market,TG-S-DD-P,TG,personal,P,Self-interest,D,D,D-D,True
T02,V01,83.33333333333333,0.04862814698056014,0.05883393841974832,TG_BONUS,TG,Bonus,TG-C-CC-P,TG,personal,P,Cooperation,C,C,C-C,True
T02,V02,48.0,0.02795942337597045,,TG_BONUS,TG,Bonus,DG-S-K,DG,anonymous market,K,Self-interest,D,None,D-NA,False
T02,V03,77.33333333333333,0.045104318051097124,0.054575641695910525,TG_BONUS,TG,Bonus,TG-S-DC-P,TG,personal,P,Self-interest,D,C,D-C,True
T02,V04,37.333333333333336,0.021713200177450973,,TG_BONUS,TG,Bonus,DG-S-P,DG,personal,P,Self-interest,D,None,D-NA,False
T02,V05,27.666666666666668,0.016080726616262923,0.01946183271304748,TG_BONUS,TG,Bonus,UG-S-DD-K,UG,anonymous market,K,Self-interest,D,D,D-D,True
T02,V06,88.0,0.05131782539042621,0.06209000110515588,TG_BONUS,TG,Bonus,TG-M-CC-K,TG,anonymous market,K,Moral,C,C,C-C,True
T02,V07,44.0,0.025641039032221025,,TG_BONUS,TG,Bonus,DG-M-P,DG,personal,P,Moral,C,None,C-NA,False
T02,V08,36.333333333333336,0.021144814523105,0.02558778595880232,TG_BONUS,TG,Bonus,UG-C-CC-P,UG,personal,P,Cooperation,C,C,C-C,True
T02,V09,28.333333333333332,0.016476374489655606,0.019937683295964445,TG_BONUS,TG,Bonus,UG-S-DC-K,UG,anonymous market,K,Self-interest,D,C,D-C,True
T02,V10,38.0,0.02212557215467235,0.02677322066671367,TG_BONUS,TG,Bonus,UG-C-CC-K,UG,anonymous market,K,Cooperation,C,C,C-C,True
T02,V11,79.66666666666667,0.04646880778072909,0.056225143712467146,TG_BONUS,TG,Bonus,TG-S-DC-K,TG,anonymous market,K,Self-interest,D,C,D-C,True
T02,V12,31.666666666666668,0.018419388787254756,0.022296373450579703,TG_BONUS,TG,Bonus,UG-S-DD-P,UG,personal,P,Self-interest,D,D,D-D,True
T02,V13,47.333333333333336,0.027602554295355727,0.0333981950569931,TG_BONUS,TG,Bonus,UG-M-CC-K,UG,anonymous market,K,Moral,C,C,C-C,True
T02,V14,46.0,0.026809481686863517,0.03244269812871386,TG_BONUS,TG,Bonus,UG-M-CD-K,UG,anonymous market,K,Moral,C,D,C-D,True
T02,V15,34.333333333333336,0.019950763456099547,0.024145051160270176,TG_BONUS,TG,Bonus,UG-M-CD-P,UG,personal,P,Moral,C,D,C-D,True
T02,V16,81.33333333333333,0.0474412033603821,0.05740638667099743,TG_BONUS,TG,Bonus,TG-C-CD-P,TG,personal,P,Cooperation,C,D,C-D,True
T02,V17,55.0,0.03205592403166017,,TG_BONUS,TG,Bonus,DG-C-K,DG,anonymous market,K,Cooperation,C,None,C-NA,False
T02,V18,86.33333333333333,0.05033529089715202,0.06090077063479921,TG_BONUS,TG,Bonus,TG-M-CC-P,TG,personal,P,Moral,C,C,C-C,True
T02,V19,82.0,0.047819604873326156,0.05785906669230676,TG_BONUS,TG,Bonus,TG-C-CD-K,TG,anonymous market,K,Cooperation,C,D,C-D,True
T02,V20,35.666666666666664,0.020742059202884907,0.025096752326104105,TG_BONUS,TG,Bonus,UG-M-CC-P,UG,personal,P,Moral,C,C,C-C,True
T02,V21,36.666666666666664,0.021332499546180137,0.025817723738434425,TG_BONUS,TG,Bonus,UG-C-CD-K,UG,anonymous market,K,Cooperation,C,D,C-D,True
T02,V22,54.666666666666664,0.031823607374066594,,TG_BONUS,TG,Bonus,DG-C-P,DG,personal,P,Cooperation,C,None,C-NA,False
T02,V23,35.666666666666664,0.02074916664971232,0.025111935375885356,TG_BONUS,TG,Bonus,UG-C-CD-P,UG,personal,P,Cooperation,C,D,C-D,True
T02,V24,78.0,0.045489827010868594,0.055043504767001115,TG_BONUS,TG,Bonus,TG-S-DD-K,TG,anonymous market,K,Self-interest,D,D,D-D,True
T02,V25,86.0,0.05012910490854131,0.06065865359395967,TG_BONUS,TG,Bonus,TG-M-CD-K,TG,anonymous market,K,Moral,C,D,C-D,True
T02,V26,85.33333333333333,0.04979125905008206,0.060237923619955835,TG_BONUS,TG,Bonus,TG-C-CC-K,TG,anonymous market,K,Cooperation,C,C,C-C,True
T02,V27,32.666666666666664,0.019012860597343778,0.02301014932495515,TG_BONUS,TG,Bonus,UG-S-DC-P,UG,personal,P,Self-interest,D,C,D-C,True
T02,V28,59.0,0.03437733984220338,,TG_BONUS,TG,Bonus,DG-M-K,DG,anonymous market,K,Moral,C,None,C-NA,False
T02,V29,84.33333333333333,0.04914657041526712,0.05946942312360301,TG_BONUS,TG,Bonus,TG-M-CD-P,TG,personal,P,Moral,C,D,C-D,True
T02,V30,76.0,0.0443112454426049,0.05362014476763128,TG_BONUS,TG,Bonus,TG-S-DD-P,TG,personal,P,Self-interest,D,D,D-D,True
T03,V01,33.333333333333336,0.02037326343200027,0.024993620362547226,UG_AID,UG,Aid,TG-C-CC-P,TG,personal,P,Cooperation,C,C,C-C,True
T03,V02,43.333333333333336,0.026719477832909774,,UG_AID,UG,Aid,DG-S-K,DG,anonymous market,K,Self-interest,D,None,D-NA,False
T03,V03,33.666666666666664,0.020490937839404515,0.025143710125872954,UG_AID,UG,Aid,TG-S-DC-P,TG,personal,P,Self-interest,D,C,D-C,True
T03,V04,55.666666666666664,0.03440639206674456,,UG_AID,UG,Aid,DG-S-P,DG,personal,P,Self-interest,D,None,D-NA,False
T03,V05,73.66666666666667,0.04571167292749464,0.05610716090709936,UG_AID,UG,Aid,UG-S-DD-K,UG,anonymous market,K,Self-interest,D,D,D-D,True
T03,V06,31.0,0.01913005375423417,0.023488936523444446,UG_AID,UG,Aid,TG-M-CC-K,TG,anonymous market,K,Moral,C,C,C-C,True
T03,V07,60.0,0.037209334543897445,,UG_AID,UG,Aid,DG-M-P,DG,personal,P,Moral,C,None,C-NA,False
T03,V08,75.33333333333333,0.04677190064424269,0.05740734717834455,UG_AID,UG,Aid,UG-C-CC-P,UG,personal,P,Cooperation,C,C,C-C,True
T03,V09,73.66666666666667,0.04571167292749464,0.05610716090709936,UG_AID,UG,Aid,UG-S-DC-K,UG,anonymous market,K,Self-interest,D,C,D-C,True
T03,V10,74.66666666666667,0.04635683421781722,0.05687698384782299,UG_AID,UG,Aid,UG-C-CC-K,UG,anonymous market,K,Cooperation,C,C,C-C,True
T03,V11,29.666666666666668,0.018217471846680284,0.022366823977019053,UG_AID,UG,Aid,TG-S-DC-K,TG,anonymous market,K,Self-interest,D,C,D-C,True
T03,V12,86.66666666666667,0.05390356779312468,0.06615094350896504,UG_AID,UG,Aid,UG-S-DD-P,UG,personal,P,Self-interest,D,D,D-D,True
T03,V13,73.66666666666667,0.04579412198219757,0.05616854679248162,UG_AID,UG,Aid,UG-M-CC-K,UG,anonymous market,K,Moral,C,C,C-C,True
T03,V14,73.0,0.045364014455315856,0.05565533149866587,UG_AID,UG,Aid,UG-M-CD-K,UG,anonymous market,K,Moral,C,D,C-D,True
T03,V15,81.66666666666667,0.0507453908940036,0.062255802657623587,UG_AID,UG,Aid,UG-M-CD-P,UG,personal,P,Moral,C,D,C-D,True
T03,V16,33.0,0.02015820966855941,0.024737012715639346,UG_AID,UG,Aid,TG-C-CD-P,TG,personal,P,Cooperation,C,D,C-D,True
T03,V17,44.333333333333336,0.02743951222814588,,UG_AID,UG,Aid,DG-C-K,DG,anonymous market,K,Cooperation,C,None,C-NA,False
T03,V18,37.333333333333336,0.02293129154304494,0.028129774197953317,UG_AID,UG,Aid,TG-M-CC-P,TG,personal,P,Moral,C,C,C-C,True
T03,V19,29.666666666666668,0.018217471846680284,0.022366823977019053,UG_AID,UG,Aid,TG-C-CD-K,TG,anonymous market,K,Cooperation,C,D,C-D,True
T03,V20,82.33333333333333,0.05117549842088532,0.06276901795143934,UG_AID,UG,Aid,UG-M-CC-P,UG,personal,P,Moral,C,C,C-C,True
T03,V21,74.0,0.04595669809272542,0.056391752515501305,UG_AID,UG,Aid,UG-C-CD-K,UG,anonymous market,K,Cooperation,C,D,C-D,True
T03,V22,51.666666666666664,0.03187833535748982,,UG_AID,UG,Aid,DG-C-P,DG,personal,P,Cooperation,C,None,C-NA,False
T03,V23,75.33333333333333,0.04676443549357586,0.057384781179244615,UG_AID,UG,Aid,UG-C-CD-P,UG,personal,P,Cooperation,C,D,C-D,True
T03,V24,28.666666666666668,0.01756484540569087,0.021574435037195482,UG_AID,UG,Aid,TG-S-DD-K,TG,anonymous market,K,Self-interest,D,D,D-D,True
T03,V25,30.0,0.01847742731324475,0.022696547583620875,UG_AID,UG,Aid,TG-M-CD-K,TG,anonymous market,K,Moral,C,D,C-D,True
T03,V26,30.666666666666668,0.018832661735212943,0.02310866295624862,UG_AID,UG,Aid,TG-C-CC-K,TG,anonymous market,K,Cooperation,C,C,C-C,True
T03,V27,86.33333333333333,0.05368851402968381,0.06589433586205717,UG_AID,UG,Aid,UG-S-DC-P,UG,personal,P,Self-interest,D,C,D-C,True
T03,V28,44.333333333333336,0.027454442529479563,,UG_AID,UG,Aid,DG-M-K,DG,anonymous market,K,Moral,C,None,C-NA,False
T03,V29,36.333333333333336,0.022278665102055516,0.027337385258129742,UG_AID,UG,Aid,TG-M-CD-P,TG,personal,P,Moral,C,D,C-D,True
T03,V30,33.333333333333336,0.020275884075963656,0.02488710247896508,UG_AID,UG,Aid,TG-S-DD-P,TG,personal,P,Self-interest,D,D,D-D,True
T04,V01,26.333333333333332,0.016326490752788806,0.019517393619509816,UG_CONTROL,UG,Control,TG-C-CC-P,TG,personal,P,Cooperation,C,C,C-C,True
T04,V02,41.666666666666664,0.025728508006387717,,UG_CONTROL,UG,Control,DG-S-K,DG,anonymous market,K,Self-interest,D,None,D-NA,False
T04,V03,25.666666666666668,0.01587251192951118,0.018986287803964514,UG_CONTROL,UG,Control,TG-S-DC-P,TG,personal,P,Self-interest,D,C,D-C,True
T04,V04,43.333333333333336,0.02676473461678322,,UG_CONTROL,UG,Control,DG-S-P,DG,personal,P,Self-interest,D,None,D-NA,False
T04,V05,83.66666666666667,0.052880281430717775,0.06299943913225121,UG_CONTROL,UG,Control,UG-S-DD-K,UG,anonymous market,K,Self-interest,D,D,D-D,True
T04,V06,28.0,0.017377232332363934,0.02077321782701193,UG_CONTROL,UG,Control,TG-M-CC-K,TG,anonymous market,K,Moral,C,C,C-C,True
T04,V07,46.0,0.02847467197750535,,UG_CONTROL,UG,Control,DG-M-P,DG,personal,P,Moral,C,None,C-NA,False
T04,V08,83.66666666666667,0.05292819948638764,0.06302173353415606,UG_CONTROL,UG,Control,UG-C-CC-P,UG,personal,P,Cooperation,C,C,C-C,True
T04,V09,84.0,0.05310001335776678,0.06325506285413261,UG_CONTROL,UG,Control,UG-S-DC-K,UG,anonymous market,K,Self-interest,D,C,D-C,True
T04,V10,84.33333333333333,0.053382178309665275,0.06355283934970136,UG_CONTROL,UG,Control,UG-C-CC-K,UG,anonymous market,K,Cooperation,C,C,C-C,True
T04,V11,26.666666666666668,0.016507748682823245,0.019742011768656267,UG_CONTROL,UG,Control,TG-S-DC-K,TG,anonymous market,K,Self-interest,D,C,D-C,True
T04,V12,86.0,0.05443291988924041,0.06480866355720348,UG_CONTROL,UG,Control,UG-S-DD-P,UG,personal,P,Self-interest,D,D,D-D,True
T04,V13,84.0,0.053186405410451214,0.06330836282877239,UG_CONTROL,UG,Control,UG-M-CC-K,UG,anonymous market,K,Moral,C,C,C-C,True
T04,V14,83.0,0.05252720962930421,0.06254149166312821,UG_CONTROL,UG,Control,UG-M-CD-K,UG,anonymous market,K,Moral,C,D,C-D,True
T04,V15,85.33333333333333,0.05397894106596277,0.06427755774165818,UG_CONTROL,UG,Control,UG-M-CD-P,UG,personal,P,Moral,C,D,C-D,True
T04,V16,25.333333333333332,0.015652780002462178,0.018730664082083123,UG_CONTROL,UG,Control,TG-C-CD-P,TG,personal,P,Cooperation,C,D,C-D,True
T04,V17,42.333333333333336,0.026220960826679907,,UG_CONTROL,UG,Control,DG-C-K,DG,anonymous market,K,Cooperation,C,None,C-NA,False
T04,V18,28.333333333333332,0.017649953225607123,0.021079705493410785,UG_CONTROL,UG,Control,TG-M-CC-P,TG,personal,P,Moral,C,C,C-C,True
T04,V19,26.333333333333332,0.016288016755774244,0.01948638804677488,UG_CONTROL,UG,Control,TG-C-CD-K,TG,anonymous market,K,Cooperation,C,D,C-D,True
T04,V20,86.33333333333333,0.054638136847109775,0.06504442890730235,UG_CONTROL,UG,Control,UG-M-CC-P,UG,personal,P,Moral,C,C,C-C,True
T04,V21,83.33333333333333,0.05272298252851828,0.0627859681840572,UG_CONTROL,UG,Control,UG-C-CD-K,UG,anonymous market,K,Cooperation,C,D,C-D,True
T04,V22,44.0,0.027218713440060844,,UG_CONTROL,UG,Control,DG-C-P,DG,personal,P,Cooperation,C,None,C-NA,False
T04,V23,83.66666666666667,0.05294271445556727,0.06304159190593858,UG_CONTROL,UG,Control,UG-C-CD-P,UG,personal,P,Cooperation,C,D,C-D,True
T04,V24,25.666666666666668,0.01583403793249662,0.018955282231229578,UG_CONTROL,UG,Control,TG-S-DD-K,TG,anonymous market,K,Self-interest,D,D,D-D,True
T04,V25,27.333333333333332,0.016937768478265933,0.02026197038324915,UG_CONTROL,UG,Control,TG-M-CD-K,TG,anonymous market,K,Moral,C,D,C-D,True
T04,V26,27.0,0.016727480609872242,0.019997635490537655,UG_CONTROL,UG,Control,TG-C-CC-K,TG,anonymous market,K,Cooperation,C,C,C-C,True
T04,V27,86.33333333333333,0.0546526518162894,0.06506428727908486,UG_CONTROL,UG,Control,UG-S-DC-P,UG,personal,P,Self-interest,D,C,D-C,True
T04,V28,43.0,0.026636465652942965,,UG_CONTROL,UG,Control,DG-M-K,DG,anonymous market,K,Moral,C,None,C-NA,False
T04,V29,27.333333333333332,0.016976242475280495,0.020292975955984092,UG_CONTROL,UG,Control,TG-M-CD-P,TG,personal,P,Moral,C,D,C-D,True
T04,V30,25.0,0.01543304807541318,0.01847504036020173,UG_CONTROL,UG,Control,TG-S-DD-P,TG,personal,P,Self-interest,D,D,D-D,True
T05,V01,37.0,0.0246116467145589,,DG_CONTROL,DG,Control,TG-C-CC-P,TG,personal,P,Cooperation,C,C,C-C,False
T05,V02,81.33333333333333,0.05448336920252527,0.1628081781465768,DG_CONTROL,DG,Control,DG-S-K,DG,anonymous market,K,Self-interest,D,None,D-NA,True
T05,V03,35.666666666666664,0.023693502373859723,,DG_CONTROL,DG,Control,TG-S-DC-P,TG,personal,P,Self-interest,D,C,D-C,False
T05,V04,83.33333333333333,0.05583054074036775,0.1668210551813404,DG_CONTROL,DG,Control,DG-S-P,DG,personal,P,Self-interest,D,None,D-NA,True
T05,V05,42.666666666666664,0.027881939793723304,,DG_CONTROL,DG,Control,UG-S-DD-K,UG,anonymous market,K,Self-interest,D,D,D-D,False
T05,V06,40.333333333333336,0.026873425954318523,,DG_CONTROL,DG,Control,TG-M-CC-K,TG,anonymous market,K,Moral,C,C,C-C,False
T05,V07,87.0,0.05832980527434123,0.17425930001711828,DG_CONTROL,DG,Control,DG-M-P,DG,personal,P,Moral,C,None,C-NA,True
T05,V08,46.333333333333336,0.0304342209965453,,DG_CONTROL,DG,Control,UG-C-CC-P,UG,personal,P,Cooperation,C,C,C-C,False
T05,V09,44.333333333333336,0.02908704945870282,,DG_CONTROL,DG,Control,UG-S-DC-K,UG,anonymous market,K,Self-interest,D,C,D-C,False
T05,V10,46.666666666666664,0.030675242929541203,,DG_CONTROL,DG,Control,UG-C-CC-K,UG,anonymous market,K,Cooperation,C,C,C-C,False
T05,V11,37.0,0.0246116467145589,,DG_CONTROL,DG,Control,TG-S-DC-K,TG,anonymous market,K,Self-interest,D,C,D-C,False
T05,V12,47.333333333333336,0.031061863374182107,,DG_CONTROL,DG,Control,UG-S-DD-P,UG,personal,P,Self-interest,D,D,D-D,False
T05,V13,47.0,0.030976354808949686,,DG_CONTROL,DG,Control,UG-M-CC-K,UG,anonymous market,K,Moral,C,C,C-C,False
T05,V14,45.666666666666664,0.03001226707696607,,DG_CONTROL,DG,Control,UG-M-CD-K,UG,anonymous market,K,Moral,C,D,C-D,False
T05,V15,47.333333333333336,0.03105832673540007,,DG_CONTROL,DG,Control,UG-M-CD-P,UG,personal,P,Moral,C,D,C-D,False
T05,V16,36.0,0.023885044276789155,,DG_CONTROL,DG,Control,TG-C-CD-P,TG,personal,P,Cooperation,C,D,C-D,False
T05,V17,82.33333333333333,0.05525945167036148,0.16497330650209643,DG_CONTROL,DG,Control,DG-C-K,DG,anonymous market,K,Cooperation,C,None,C-NA,True
T05,V18,41.0,0.027468576435571417,,DG_CONTROL,DG,Control,TG-M-CC-P,TG,personal,P,Moral,C,C,C-C,False
T05,V19,37.0,0.0246116467145589,,DG_CONTROL,DG,Control,TG-C-CD-K,TG,anonymous market,K,Cooperation,C,D,C-D,False
T05,V20,48.0,0.03154037060139187,,DG_CONTROL,DG,Control,UG-M-CC-P,UG,personal,P,Moral,C,C,C-C,False
T05,V21,45.0,0.029470133264561688,,DG_CONTROL,DG,Control,UG-C-CD-K,UG,anonymous market,K,Cooperation,C,D,C-D,False
T05,V22,83.66666666666667,0.05612104270343012,0.16760986474222553,DG_CONTROL,DG,Control,DG-C-P,DG,personal,P,Cooperation,C,None,C-NA,True
T05,V23,45.333333333333336,0.029711155197557588,,DG_CONTROL,DG,Control,UG-C-CD-P,UG,personal,P,Cooperation,C,D,C-D,False
T05,V24,36.0,0.023885044276789155,,DG_CONTROL,DG,Control,TG-S-DD-K,TG,anonymous market,K,Self-interest,D,D,D-D,False
T05,V25,40.666666666666664,0.027114447887314427,,DG_CONTROL,DG,Control,TG-M-CD-K,TG,anonymous market,K,Moral,C,D,C-D,False
T05,V26,37.666666666666664,0.025093690580550707,,DG_CONTROL,DG,Control,TG-C-CC-K,TG,anonymous market,K,Cooperation,C,C,C-C,False
T05,V27,48.0,0.03154390724017391,,DG_CONTROL,DG,Control,UG-S-DC-P,UG,personal,P,Self-interest,D,C,D-C,False
T05,V28,81.66666666666667,0.054720854496739135,0.1635282954106425,DG_CONTROL,DG,Control,DG-M-K,DG,anonymous market,K,Moral,C,None,C-NA,True
T05,V29,40.0,0.026741973997801666,,DG_CONTROL,DG,Control,TG-M-CD-P,TG,personal,P,Moral,C,D,C-D,False
T05,V30,35.0,0.023211458507867915,,DG_CONTROL,DG,Control,TG-S-DD-P,TG,personal,P,Self-interest,D,D,D-D,False
T06,V01,35.0,0.020486151945675598,0.025038124799592252,UG_BONUS,UG,Bonus,TG-C-CC-P,TG,personal,P,Cooperation,C,C,C-C,True
T06,V02,51.666666666666664,0.030203264940701302,,UG_BONUS,UG,Bonus,DG-S-K,DG,anonymous market,K,Self-interest,D,None,D-NA,False
T06,V03,32.333333333333336,0.018915029303629607,0.023117733817216598,UG_BONUS,UG,Bonus,TG-S-DC-P,TG,personal,P,Self-interest,D,C,D-C,True
T06,V04,42.0,0.024528502950982186,,UG_BONUS,UG,Bonus,DG-S-P,DG,personal,P,Self-interest,D,None,D-NA,False
T06,V05,75.33333333333333,0.04422612526369802,0.05399672998391888,UG_BONUS,UG,Bonus,UG-S-DD-K,UG,anonymous market,K,Self-interest,D,D,D-D,True
T06,V06,42.0,0.024607453560386683,0.030073081334228296,UG_BONUS,UG,Bonus,TG-M-CC-K,TG,anonymous market,K,Moral,C,C,C-C,True
T06,V07,49.333333333333336,0.028894646505710327,,UG_BONUS,UG,Bonus,DG-M-P,DG,personal,P,Moral,C,None,C-NA,False
T06,V08,79.66666666666667,0.04686133583016703,0.05719960041830307,UG_BONUS,UG,Bonus,UG-C-CC-P,UG,personal,P,Cooperation,C,C,C-C,True
T06,V09,75.66666666666667,0.04443342211278591,0.05424679249954778,UG_BONUS,UG,Bonus,UG-S-DC-K,UG,anonymous market,K,Self-interest,D,C,D-C,True
T06,V10,79.66666666666667,0.04687127724211263,0.057207590796435,UG_BONUS,UG,Bonus,UG-C-CC-K,UG,anonymous market,K,Cooperation,C,C,C-C,True
T06,V11,34.333333333333336,0.020081499659445407,0.02454599014646637,UG_BONUS,UG,Bonus,TG-S-DC-K,TG,anonymous market,K,Self-interest,D,C,D-C,True
T06,V12,79.66666666666667,0.04681162877043903,0.0571596485276434,UG_BONUS,UG,Bonus,UG-S-DD-P,UG,personal,P,Self-interest,D,D,D-D,True
T06,V13,89.66666666666667,0.052685966754153685,0.0643246959469518,UG_BONUS,UG,Bonus,UG-M-CC-K,UG,anonymous market,K,Moral,C,C,C-C,True
T06,V14,88.66666666666667,0.05206407620689,0.06357450840006507,UG_BONUS,UG,Bonus,UG-M-CD-K,UG,anonymous market,K,Moral,C,D,C-D,True
T06,V15,78.33333333333333,0.04605975211279902,0.05623151722965144,UG_BONUS,UG,Bonus,UG-M-CD-P,UG,personal,P,Moral,C,D,C-D,True
T06,V16,34.333333333333336,0.02007155824749981,0.02453799976833444,UG_BONUS,UG,Bonus,TG-C-CD-P,TG,personal,P,Cooperation,C,D,C-D,True
T06,V17,52.666666666666664,0.030878722975239165,,UG_BONUS,UG,Bonus,DG-C-K,DG,anonymous market,K,Cooperation,C,None,C-NA,False
T06,V18,39.0,0.02286271873263578,0.0279346920294196,UG_BONUS,UG,Bonus,TG-M-CC-P,TG,personal,P,Moral,C,C,C-C,True
T06,V19,35.0,0.020462408694238217,0.025014050984528316,UG_BONUS,UG,Bonus,TG-C-CD-K,TG,anonymous market,K,Cooperation,C,D,C-D,True
T06,V20,80.0,0.04709623635823849,0.057481829807795974,UG_BONUS,UG,Bonus,UG-M-CC-P,UG,personal,P,Moral,C,C,C-C,True
T06,V21,78.0,0.045868477660056146,0.055989342411486336,UG_BONUS,UG,Bonus,UG-C-CD-K,UG,anonymous market,K,Cooperation,C,D,C-D,True
T06,V22,52.666666666666664,0.030858840151347964,,UG_BONUS,UG,Bonus,DG-C-P,DG,personal,P,Cooperation,C,None,C-NA,False
T06,V23,78.66666666666667,0.04624938669484896,0.05645740324954828,UG_BONUS,UG,Bonus,UG-C-CD-P,UG,personal,P,Cooperation,C,D,C-D,True
T06,V24,33.333333333333336,0.019469550524127327,0.023803792977711583,UG_BONUS,UG,Bonus,TG-S-DD-K,TG,anonymous market,K,Self-interest,D,D,D-D,True
T06,V25,41.0,0.023995504425068603,0.0293308841654735,UG_BONUS,UG,Bonus,TG-M-CD-K,TG,anonymous market,K,Moral,C,D,C-D,True
T06,V26,36.0,0.0210842992415019,0.025764238531415035,UG_BONUS,UG,Bonus,TG-C-CC-K,TG,anonymous market,K,Cooperation,C,C,C-C,True
T06,V27,79.66666666666667,0.04681162877043903,0.0571596485276434,UG_BONUS,UG,Bonus,UG-S-DC-P,UG,personal,P,Self-interest,D,C,D-C,True
T06,V28,61.0,0.03580932916241063,,UG_BONUS,UG,Bonus,DG-M-K,DG,anonymous market,K,Moral,C,None,C-NA,False
T06,V29,38.0,0.0222507695973177,0.02719249486066481,UG_BONUS,UG,Bonus,TG-M-CD-P,TG,personal,P,Moral,C,D,C-D,True
T06,V30,31.666666666666668,0.01850043560545382,0.02261760878595878,UG_BONUS,UG,Bonus,TG-S-DD-P,TG,personal,P,Self-interest,D,D,D-D,True
T07,V01,40.0,0.02629746695795444,,DG_AID,DG,Aid,TG-C-CC-P,TG,personal,P,Cooperation,C,C,C-C,False
T07,V02,66.0,0.04344645834515006,0.1493724265662549,DG_AID,DG,Aid,DG-S-K,DG,anonymous market,K,Self-interest,D,None,D-NA,True
T07,V03,41.0,0.02687112838051786,,DG_AID,DG,Aid,TG-S-DC-P,TG,personal,P,Self-interest,D,C,D-C,False
T07,V04,80.66666666666667,0.05328407863021609,0.18284505058854142,DG_AID,DG,Aid,DG-S-P,DG,personal,P,Self-interest,D,None,D-NA,True
T07,V05,44.0,0.028598534181298447,,DG_AID,DG,Aid,UG-S-DD-K,UG,anonymous market,K,Self-interest,D,D,D-D,False
T07,V06,40.333333333333336,0.026822784495145403,,DG_AID,DG,Aid,TG-M-CC-K,TG,anonymous market,K,Moral,C,C,C-C,False
T07,V07,86.66666666666667,0.05765385381487212,0.19717438888123553,DG_AID,DG,Aid,DG-M-P,DG,personal,P,Moral,C,None,C-NA,True
T07,V08,51.0,0.0333987863329451,,DG_AID,DG,Aid,UG-C-CC-P,UG,personal,P,Cooperation,C,C,C-C,False
T07,V09,45.666666666666664,0.02979327731152545,,DG_AID,DG,Aid,UG-S-DC-K,UG,anonymous market,K,Self-interest,D,C,D-C,False
T07,V10,51.333333333333336,0.03368332259981799,,DG_AID,DG,Aid,UG-C-CC-K,UG,anonymous market,K,Cooperation,C,C,C-C,False
T07,V11,36.333333333333336,0.02392265640795378,,DG_AID,DG,Aid,TG-S-DC-K,TG,anonymous market,K,Self-interest,D,C,D-C,False
T07,V12,54.333333333333336,0.03548584984952772,,DG_AID,DG,Aid,UG-S-DD-P,UG,personal,P,Self-interest,D,D,D-D,False
T07,V13,49.333333333333336,0.03249362288040883,,DG_AID,DG,Aid,UG-M-CC-K,UG,anonymous market,K,Moral,C,C,C-C,False
T07,V14,48.0,0.03153782837622723,,DG_AID,DG,Aid,UG-M-CD-K,UG,anonymous market,K,Moral,C,D,C-D,False
T07,V15,53.666666666666664,0.03510554941218222,,DG_AID,DG,Aid,UG-M-CD-P,UG,personal,P,Moral,C,D,C-D,False
T07,V16,39.333333333333336,0.025822780472408807,,DG_AID,DG,Aid,TG-C-CD-P,TG,personal,P,Cooperation,C,D,C-D,False
T07,V17,68.33333333333333,0.045171107901385676,0.1549042567846811,DG_AID,DG,Aid,DG-C-K,DG,anonymous market,K,Cooperation,C,None,C-NA,True
T07,V18,45.333333333333336,0.029902975979374097,,DG_AID,DG,Aid,TG-M-CC-P,TG,personal,P,Moral,C,C,C-C,False
T07,V19,36.333333333333336,0.02392265640795378,,DG_AID,DG,Aid,TG-C-CD-K,TG,anonymous market,K,Cooperation,C,D,C-D,False
T07,V20,54.0,0.03534449803822762,,DG_AID,DG,Aid,UG-M-CC-P,UG,personal,P,Moral,C,C,C-C,False
T07,V21,48.666666666666664,0.031781365891090284,,DG_AID,DG,Aid,UG-C-CD-K,UG,anonymous market,K,Cooperation,C,D,C-D,False
T07,V22,74.66666666666667,0.04935027834536875,0.1692519630803141,DG_AID,DG,Aid,DG-C-P,DG,personal,P,Cooperation,C,None,C-NA,True
T07,V23,49.666666666666664,0.03244620259530867,,DG_AID,DG,Aid,UG-C-CD-P,UG,personal,P,Cooperation,C,D,C-D,False
T07,V24,35.333333333333336,0.02320902129636274,,DG_AID,DG,Aid,TG-S-DD-K,TG,anonymous market,K,Self-interest,D,D,D-D,False
T07,V25,39.333333333333336,0.026109149383554367,,DG_AID,DG,Aid,TG-M-CD-K,TG,anonymous market,K,Moral,C,D,C-D,False
T07,V26,37.666666666666664,0.024826441738217565,,DG_AID,DG,Aid,TG-C-CC-K,TG,anonymous market,K,Cooperation,C,C,C-C,False
T07,V27,55.0,0.03596374710161852,,DG_AID,DG,Aid,UG-S-DC-P,UG,personal,P,Self-interest,D,C,D-C,False
T07,V28,64.66666666666667,0.0426466913627219,0.14645191409897293,DG_AID,DG,Aid,DG-M-K,DG,anonymous market,K,Moral,C,None,C-NA,True
T07,V29,44.333333333333336,0.029189340867783062,,DG_AID,DG,Aid,TG-M-CD-P,TG,personal,P,Moral,C,D,C-D,False
T07,V30,39.666666666666664,0.025918544642881427,,DG_AID,DG,Aid,TG-S-DD-P,TG,personal,P,Self-interest,D,D,D-D,False
T08,V01,89.66666666666667,0.0547732514746716,0.06387021412914173,TG_CONTROL,TG,Control,TG-C-CC-P,TG,personal,P,Cooperation,C,C,C-C,True
T08,V02,36.0,0.021835089846828803,,TG_CONTROL,TG,Control,DG-S-K,DG,anonymous market,K,Self-interest,D,None,D-NA,False
T08,V03,86.66666666666667,0.052910496819817264,0.06171025949040168,TG_CONTROL,TG,Control,TG-S-DC-P,TG,personal,P,Self-interest,D,C,D-C,True
T08,V04,34.0,0.020528818219242125,,TG_CONTROL,TG,Control,DG-S-P,DG,personal,P,Self-interest,D,None,D-NA,False
T08,V05,25.333333333333332,0.015288583354583348,0.01785580455302666,TG_CONTROL,TG,Control,UG-S-DD-K,UG,anonymous market,K,Self-interest,D,D,D-D,True
T08,V06,89.66666666666667,0.05482824788034832,0.0639206645518006,TG_CONTROL,TG,Control,TG-M-CC-K,TG,anonymous market,K,Moral,C,C,C-C,True
T08,V07,40.333333333333336,0.02449563643023291,,TG_CONTROL,TG,Control,DG-M-P,DG,personal,P,Moral,C,None,C-NA,False
T08,V08,29.666666666666668,0.017976628140825818,0.020979042658649503,TG_CONTROL,TG,Control,UG-C-CC-P,UG,personal,P,Cooperation,C,C,C-C,True
T08,V09,26.0,0.01571456844510518,0.018344563106301344,TG_CONTROL,TG,Control,UG-S-DC-K,UG,anonymous market,K,Self-interest,D,C,D-C,True
T08,V10,30.666666666666668,0.018616014853199973,0.021717676274392955,TG_CONTROL,TG,Control,UG-C-CC-K,UG,anonymous market,K,Cooperation,C,C,C-C,True
T08,V11,88.66666666666667,0.05416177204172721,0.06316230151055914,TG_CONTROL,TG,Control,TG-S-DC-K,TG,anonymous market,K,Self-interest,D,C,D-C,True
T08,V12,26.333333333333332,0.015901290017301967,0.018580204529103528,TG_CONTROL,TG,Control,UG-S-DD-P,UG,personal,P,Self-interest,D,D,D-D,True
T08,V13,30.0,0.018217937042107914,0.021259638718279125,TG_CONTROL,TG,Control,UG-M-CC-K,UG,anonymous market,K,Moral,C,C,C-C,True
T08,V14,29.333333333333332,0.01779195195158608,0.020770880165004443,TG_CONTROL,TG,Control,UG-M-CD-K,UG,anonymous market,K,Moral,C,D,C-D,True
T08,V15,28.0,0.016911256337929826,0.019751650489631376,TG_CONTROL,TG,Control,UG-M-CD-P,UG,personal,P,Moral,C,D,C-D,True
T08,V16,88.33333333333333,0.05392087221703653,0.06288720123676095,TG_CONTROL,TG,Control,TG-C-CD-P,TG,personal,P,Cooperation,C,D,C-D,True
T08,V17,42.0,0.02553351003029054,,TG_CONTROL,TG,Control,DG-C-K,DG,anonymous market,K,Cooperation,C,None,C-NA,False
T08,V18,90.33333333333333,0.05525464204746156,0.06441491889090671,TG_CONTROL,TG,Control,TG-M-CC-P,TG,personal,P,Moral,C,C,C-C,True
T08,V19,89.0,0.054374764586988124,0.06340668078719648,TG_CONTROL,TG,Control,TG-C-CD-K,TG,anonymous market,K,Cooperation,C,D,C-D,True
T08,V20,29.666666666666668,0.017976219064234408,0.020973546872818077,TG_CONTROL,TG,Control,UG-M-CC-P,UG,personal,P,Moral,C,C,C-C,True
T08,V21,29.666666666666668,0.017977037217417228,0.02098453844448093,TG_CONTROL,TG,Control,UG-C-CD-K,UG,anonymous market,K,Cooperation,C,D,C-D,True
T08,V22,41.666666666666664,0.025320517485029625,,TG_CONTROL,TG,Control,DG-C-P,DG,personal,P,Cooperation,C,None,C-NA,False
T08,V23,29.666666666666668,0.017977037217417228,0.02098453844448093,TG_CONTROL,TG,Control,UG-C-CD-P,UG,personal,P,Cooperation,C,D,C-D,True
T08,V24,87.66666666666667,0.05352238532935305,0.0624236678948157,TG_CONTROL,TG,Control,TG-S-DD-K,TG,anonymous market,K,Self-interest,D,D,D-D,True
T08,V25,89.0,0.05440226278982649,0.06343190599852591,TG_CONTROL,TG,Control,TG-M-CD-K,TG,anonymous market,K,Moral,C,D,C-D,True
T08,V26,90.33333333333333,0.05519923656519343,0.06435897268241642,TG_CONTROL,TG,Control,TG-C-CC-K,TG,anonymous market,K,Cooperation,C,C,C-C,True
T08,V27,27.0,0.016327275107823797,0.01906896308237821,TG_CONTROL,TG,Control,UG-S-DC-P,UG,personal,P,Self-interest,D,C,D-C,True
T08,V28,41.0,0.02494993787677592,,TG_CONTROL,TG,Control,DG-M-K,DG,anonymous market,K,Moral,C,None,C-NA,False
T08,V29,89.33333333333333,0.054615255335087404,0.06367628527516325,TG_CONTROL,TG,Control,TG-M-CD-P,TG,personal,P,Moral,C,D,C-D,True
T08,V30,86.33333333333333,0.05269750427455635,0.06146588021376434,TG_CONTROL,TG,Control,TG-S-DD-P,TG,personal,P,Self-interest,D,D,D-D,True
T09,V01,79.66666666666667,0.04716578339528107,0.05565262898777552,TG_MARKET,TG,Market,TG-C-CC-P,TG,personal,P,Cooperation,C,C,C-C,True
T09,V02,49.666666666666664,0.02939743889466827,,TG_MARKET,TG,Market,DG-S-K,DG,anonymous market,K,Self-interest,D,None,D-NA,False
T09,V03,76.0,0.04492346391426155,0.05302855143345855,TG_MARKET,TG,Market,TG-S-DC-P,TG,personal,P,Self-interest,D,C,D-C,True
T09,V04,33.333333333333336,0.019579144072619434,,TG_MARKET,TG,Market,DG-S-P,DG,personal,P,Self-interest,D,None,D-NA,False
T09,V05,35.666666666666664,0.021021090687415627,0.024813236013499083,TG_MARKET,TG,Market,UG-S-DD-K,UG,anonymous market,K,Self-interest,D,D,D-D,True
T09,V06,92.33333333333333,0.05472339955532657,0.06457069482655153,TG_MARKET,TG,Market,TG-M-CC-K,TG,anonymous market,K,Moral,C,C,C-C,True
T09,V07,37.333333333333336,0.022016966974948815,,TG_MARKET,TG,Market,DG-M-P,DG,personal,P,Moral,C,None,C-NA,False
T09,V08,35.666666666666664,0.0211207467794374,0.024914559119007088,TG_MARKET,TG,Market,UG-C-CC-P,UG,personal,P,Cooperation,C,C,C-C,True
T09,V09,36.666666666666664,0.021654804248885842,0.025547989870956838,TG_MARKET,TG,Market,UG-S-DC-K,UG,anonymous market,K,Self-interest,D,C,D-C,True
T09,V10,38.666666666666664,0.02290912168778303,0.02702944239807811,TG_MARKET,TG,Market,UG-C-CC-K,UG,anonymous market,K,Cooperation,C,C,C-C,True
T09,V11,92.33333333333333,0.05471684471330495,0.06457666723265441,TG_MARKET,TG,Market,TG-S-DC-K,TG,anonymous market,K,Self-interest,D,C,D-C,True
T09,V12,27.333333333333332,0.016024683530463327,0.018935356931949573,TG_MARKET,TG,Market,UG-S-DD-P,UG,personal,P,Self-interest,D,D,D-D,True
T09,V13,40.0,0.023638682578541348,0.027898111917376716,TG_MARKET,TG,Market,UG-M-CC-K,UG,anonymous market,K,Moral,C,C,C-C,True
T09,V14,38.666666666666664,0.022809465595761257,0.026928119292570104,TG_MARKET,TG,Market,UG-M-CD-K,UG,anonymous market,K,Moral,C,D,C-D,True
T09,V15,27.666666666666668,0.016276569839805712,0.01921528484594955,TG_MARKET,TG,Market,UG-M-CD-P,UG,personal,P,Moral,C,D,C-D,True
T09,V16,78.66666666666667,0.04653206983381084,0.05491787513031776,TG_MARKET,TG,Market,TG-C-CD-P,TG,personal,P,Cooperation,C,D,C-D,True
T09,V17,49.0,0.028922510392540287,,TG_MARKET,TG,Market,DG-C-K,DG,anonymous market,K,Cooperation,C,None,C-NA,False
T09,V18,80.33333333333333,0.047640711897409045,0.056214750442844186,TG_MARKET,TG,Market,TG-M-CC-P,TG,personal,P,Moral,C,C,C-C,True
T09,V19,91.0,0.053934831028065455,0.06363571216325899,TG_MARKET,TG,Market,TG-C-CD-K,TG,anonymous market,K,Cooperation,C,D,C-D,True
T09,V20,28.666666666666668,0.016910283401275927,0.019950038703407304,TG_MARKET,TG,Market,UG-M-CC-P,UG,personal,P,Moral,C,C,C-C,True
T09,V21,37.333333333333336,0.022079904705002942,0.026059449773271497,TG_MARKET,TG,Market,UG-C-CD-K,UG,anonymous market,K,Cooperation,C,D,C-D,True
T09,V22,40.0,0.023569190006465596,,TG_MARKET,TG,Market,DG-C-P,DG,personal,P,Cooperation,C,None,C-NA,False
T09,V23,36.666666666666664,0.021707257043367022,0.025620275421053666,TG_MARKET,TG,Market,UG-C-CD-P,UG,personal,P,Cooperation,C,D,C-D,True
T09,V24,92.0,0.05450560685948155,0.06433174928016851,TG_MARKET,TG,Market,TG-S-DD-K,TG,anonymous market,K,Self-interest,D,D,D-D,True
T09,V25,92.33333333333333,0.05472339955532657,0.06457069482655153,TG_MARKET,TG,Market,TG-M-CD-K,TG,anonymous market,K,Moral,C,D,C-D,True
T09,V26,92.0,0.054568544589535674,0.06437046602071674,TG_MARKET,TG,Market,TG-C-CC-K,TG,anonymous market,K,Cooperation,C,C,C-C,True
T09,V27,28.0,0.01644715923811014,0.019425192836921408,TG_MARKET,TG,Market,UG-S-DC-P,UG,personal,P,Self-interest,D,C,D-C,True
T09,V28,49.333333333333336,0.029152107427347515,,TG_MARKET,TG,Market,DG-M-K,DG,anonymous market,K,Moral,C,None,C-NA,False
T09,V29,79.33333333333333,0.04702273276845237,0.055489675770523494,TG_MARKET,TG,Market,TG-M-CD-P,TG,personal,P,Moral,C,D,C-D,True
T09,V30,75.0,0.044305484785304876,0.052303476761137856,TG_MARKET,TG,Market,TG-S-DD-P,TG,personal,P,Self-interest,D,D,D-D,True
T10,V01,87.33333333333333,0.051851482791284674,0.061867475895271716,TG_AID,TG,Aid,TG-C-CC-P,TG,personal,P,Cooperation,C,C,C-C,True
T10,V02,39.0,0.02302628579616134,,TG_AID,TG,Aid,DG-S-K,DG,anonymous market,K,Self-interest,D,None,D-NA,False
T10,V03,87.66666666666667,0.05199835804230013,0.06204306950851651,TG_AID,TG,Aid,TG-S-DC-P,TG,personal,P,Self-interest,D,C,D-C,True
T10,V04,50.0,0.029575518837647363,,TG_AID,TG,Aid,DG-S-P,DG,personal,P,Self-interest,D,None,D-NA,False
T10,V05,29.0,0.01710228477437012,0.020408718299579392,TG_AID,TG,Aid,UG-S-DD-K,UG,anonymous market,K,Self-interest,D,D,D-D,True
T10,V06,79.0,0.046893776408635436,0.05595319852558039,TG_AID,TG,Aid,TG-M-CC-K,TG,anonymous market,K,Moral,C,C,C-C,True
T10,V07,50.333333333333336,0.029861747016941328,,TG_AID,TG,Aid,DG-M-P,DG,personal,P,Moral,C,None,C-NA,False
T10,V08,34.666666666666664,0.020480292527536623,0.02443915308341746,TG_AID,TG,Aid,UG-C-CC-P,UG,personal,P,Cooperation,C,C,C-C,True
T10,V09,29.0,0.01710228477437012,0.020408718299579392,TG_AID,TG,Aid,UG-S-DC-K,UG,anonymous market,K,Self-interest,D,C,D-C,True
T10,V10,35.666666666666664,0.0210957552969237,0.025172329335565916,TG_AID,TG,Aid,UG-C-CC-K,UG,anonymous market,K,Cooperation,C,C,C-C,True
T10,V11,78.66666666666667,0.046648684009618725,0.05566210892241513,TG_AID,TG,Aid,TG-S-DC-K,TG,anonymous market,K,Self-interest,D,C,D-C,True
T10,V12,39.333333333333336,0.023264434790977843,0.02776100818253391,TG_AID,TG,Aid,UG-S-DD-P,UG,personal,P,Self-interest,D,D,D-D,True
T10,V13,34.666666666666664,0.020513717836552484,0.024480859371057383,TG_AID,TG,Aid,UG-M-CC-K,UG,anonymous market,K,Moral,C,C,C-C,True
T10,V14,34.0,0.02010015290685852,0.023989579587220488,TG_AID,TG,Aid,UG-M-CD-K,UG,anonymous market,K,Moral,C,D,C-D,True
T10,V15,37.333333333333336,0.022064875782173216,0.02632673909287761,TG_AID,TG,Aid,UG-M-CD-P,UG,personal,P,Moral,C,D,C-D,True
T10,V16,86.33333333333333,0.05123602002189759,0.06113429964312326,TG_AID,TG,Aid,TG-C-CD-P,TG,personal,P,Cooperation,C,D,C-D,True
T10,V17,44.0,0.026086886988588794,,TG_AID,TG,Aid,DG-C-K,DG,anonymous market,K,Cooperation,C,None,C-NA,False
T10,V18,88.33333333333333,0.05243840487680976,0.06256268928338714,TG_AID,TG,Aid,TG-M-CC-P,TG,personal,P,Moral,C,C,C-C,True
T10,V19,78.0,0.046240003705078636,0.055174572562185116,TG_AID,TG,Aid,TG-C-CD-K,TG,anonymous market,K,Cooperation,C,D,C-D,True
T10,V20,38.0,0.02247844071186718,0.026818018876714506,TG_AID,TG,Aid,UG-M-CC-P,UG,personal,P,Moral,C,C,C-C,True
T10,V21,34.333333333333336,0.02027351006268964,0.02419351319149901,TG_AID,TG,Aid,UG-C-CD-K,UG,anonymous market,K,Cooperation,C,D,C-D,True
T10,V22,47.666666666666664,0.02827022035810453,,TG_AID,TG,Aid,DG-C-P,DG,personal,P,Cooperation,C,None,C-NA,False
T10,V23,34.666666666666664,0.020458695247874827,0.024414556515990605,TG_AID,TG,Aid,UG-C-CD-P,UG,personal,P,Cooperation,C,D,C-D,True
T10,V24,77.0,0.04562454093569155,0.05444139631003666,TG_AID,TG,Aid,TG-S-DD-K,TG,anonymous market,K,Self-interest,D,D,D-D,True
T10,V25,78.0,0.046278313639248364,0.05522002227343193,TG_AID,TG,Aid,TG-M-CD-K,TG,anonymous market,K,Moral,C,D,C-D,True
T10,V26,80.0,0.047454216589344865,0.05662007192266207,TG_AID,TG,Aid,TG-C-CC-K,TG,anonymous market,K,Cooperation,C,C,C-C,True
T10,V27,40.0,0.023677999720671805,0.028252287966370804,TG_AID,TG,Aid,UG-S-DC-P,UG,personal,P,Self-interest,D,C,D-C,True
T10,V28,42.333333333333336,0.025101053848831347,,TG_AID,TG,Aid,DG-M-K,DG,anonymous market,K,Moral,C,None,C-NA,False
T10,V29,87.33333333333333,0.051822942107422686,0.06182951303123868,TG_AID,TG,Aid,TG-M-CD-P,TG,personal,P,Moral,C,D,C-D,True
T10,V30,86.0,0.05097909959352682,0.060826100319744926,TG_AID,TG,Aid,TG-S-DD-P,TG,personal,P,Self-interest,D,D,D-D,True
T11,V01,35.333333333333336,0.023324671249364482,,DG_MARKET,DG,Market,TG-C-CC-P,TG,personal,P,Cooperation,C,C,C-C,False
T11,V02,90.66666666666667,0.0608212469550573,0.2011919855322429,DG_MARKET,DG,Market,DG-S-K,DG,anonymous market,K,Self-interest,D,None,D-NA,True
T11,V03,32.666666666666664,0.02150169116595121,,DG_MARKET,DG,Market,TG-S-DC-P,TG,personal,P,Self-interest,D,C,D-C,False
T11,V04,65.0,0.043489865160147155,0.14403829932933737,DG_MARKET,DG,Market,DG-S-P,DG,personal,P,Self-interest,D,None,D-NA,True
T11,V05,59.666666666666664,0.039411499509437155,,DG_MARKET,DG,Market,UG-S-DD-K,UG,anonymous market,K,Self-interest,D,D,D-D,False
T11,V06,45.333333333333336,0.02997968134109553,,DG_MARKET,DG,Market,TG-M-CC-K,TG,anonymous market,K,Moral,C,C,C-C,False
T11,V07,63.666666666666664,0.0425959352878445,0.14076982907607605,DG_MARKET,DG,Market,DG-M-P,DG,personal,P,Moral,C,None,C-NA,True
T11,V08,47.0,0.031064962151017773,,DG_MARKET,DG,Market,UG-C-CC-P,UG,personal,P,Cooperation,C,C,C-C,False
T11,V09,60.333333333333336,0.03988768998562763,,DG_MARKET,DG,Market,UG-S-DC-K,UG,anonymous market,K,Self-interest,D,C,D-C,False
T11,V10,46.666666666666664,0.030826866912922534,,DG_MARKET,DG,Market,UG-C-CC-K,UG,anonymous market,K,Cooperation,C,C,C-C,False
T11,V11,43.333333333333336,0.028638745123674054,,DG_MARKET,DG,Market,TG-S-DC-K,TG,anonymous market,K,Self-interest,D,C,D-C,False
T11,V12,44.333333333333336,0.029259542237008485,,DG_MARKET,DG,Market,UG-S-DD-P,UG,personal,P,Self-interest,D,D,D-D,False
T11,V13,54.0,0.03570564122171594,,DG_MARKET,DG,Market,UG-M-CC-K,UG,anonymous market,K,Moral,C,C,C-C,False
T11,V14,51.666666666666664,0.03403604786014861,,DG_MARKET,DG,Market,UG-M-CD-K,UG,anonymous market,K,Moral,C,D,C-D,False
T11,V15,41.0,0.02704800688855469,,DG_MARKET,DG,Market,UG-M-CD-P,UG,personal,P,Moral,C,D,C-D,False
T11,V16,34.333333333333336,0.022607458840178108,,DG_MARKET,DG,Market,TG-C-CD-P,TG,personal,P,Cooperation,C,D,C-D,False
T11,V17,80.33333333333333,0.05364182243257582,0.17796219013753323,DG_MARKET,DG,Market,DG-C-K,DG,anonymous market,K,Cooperation,C,None,C-NA,True
T11,V18,37.0,0.02451807413474134,,DG_MARKET,DG,Market,TG-M-CC-P,TG,personal,P,Moral,C,C,C-C,False
T11,V19,44.0,0.029068191299388892,,DG_MARKET,DG,Market,TG-C-CD-K,TG,anonymous market,K,Cooperation,C,D,C-D,False
T11,V20,42.333333333333336,0.028000387840935642,,DG_MARKET,DG,Market,UG-M-CC-P,UG,personal,P,Moral,C,C,C-C,False
T11,V21,45.333333333333336,0.029871559265640918,,DG_MARKET,DG,Market,UG-C-CD-K,UG,anonymous market,K,Cooperation,C,D,C-D,False
T11,V22,67.33333333333333,0.04492866371423693,0.14906411260295807,DG_MARKET,DG,Market,DG-C-P,DG,personal,P,Cooperation,C,None,C-NA,True
T11,V23,45.666666666666664,0.03010965450373616,,DG_MARKET,DG,Market,UG-C-CD-P,UG,personal,P,Cooperation,C,D,C-D,False
T11,V24,42.666666666666664,0.02815962795258292,,DG_MARKET,DG,Market,TG-S-DD-K,TG,anonymous market,K,Self-interest,D,D,D-D,False
T11,V25,45.666666666666664,0.0302148498842901,,DG_MARKET,DG,Market,TG-M-CD-K,TG,anonymous market,K,Moral,C,D,C-D,False
T11,V26,44.666666666666664,0.02954438177557937,,DG_MARKET,DG,Market,TG-C-CC-K,TG,anonymous market,K,Cooperation,C,C,C-C,False
T11,V27,45.333333333333336,0.0299738279512942,,DG_MARKET,DG,Market,UG-S-DC-P,UG,personal,P,Self-interest,D,C,D-C,False
T11,V28,84.33333333333333,0.05646685446374636,0.18697358332185235,DG_MARKET,DG,Market,DG-M-K,DG,anonymous market,K,Moral,C,None,C-NA,True
T11,V29,36.333333333333336,0.0240389569636502,,DG_MARKET,DG,Market,TG-M-CD-P,TG,personal,P,Moral,C,D,C-D,False
T11,V30,32.333333333333336,0.021263595927855972,,DG_MARKET,DG,Market,TG-S-DD-P,TG,personal,P,Self-interest,D,D,D-D,False
T12,V01,43.0,0.026977580616144334,,DG_BONUS,DG,Bonus,TG-C-CC-P,TG,personal,P,Cooperation,C,C,C-C,False
T12,V02,83.66666666666667,0.052871521388110264,0.17000083977458305,DG_BONUS,DG,Bonus,DG-S-K,DG,anonymous market,K,Self-interest,D,None,D-NA,True
T12,V03,39.666666666666664,0.024820559984259933,,DG_BONUS,DG,Bonus,TG-S-DC-P,TG,personal,P,Self-interest,D,C,D-C,False
T12,V04,67.66666666666667,0.042574959432040343,0.1372834453628362,DG_BONUS,DG,Bonus,DG-S-P,DG,personal,P,Self-interest,D,None,D-NA,True
T12,V05,41.0,0.02514846779376716,,DG_BONUS,DG,Bonus,UG-S-DD-K,UG,anonymous market,K,Self-interest,D,D,D-D,False
T12,V06,50.0,0.03143550515937354,,DG_BONUS,DG,Bonus,TG-M-CC-K,TG,anonymous market,K,Moral,C,C,C-C,False
T12,V07,74.33333333333333,0.04677313679182261,0.15078447453338908,DG_BONUS,DG,Bonus,DG-M-P,DG,personal,P,Moral,C,None,C-NA,True
T12,V08,50.333333333333336,0.031177502415099062,,DG_BONUS,DG,Bonus,UG-C-CC-P,UG,personal,P,Cooperation,C,C,C-C,False
T12,V09,42.333333333333336,0.026002074281176468,,DG_BONUS,DG,Bonus,UG-S-DC-K,UG,anonymous market,K,Self-interest,D,C,D-C,False
T12,V10,51.666666666666664,0.032077454464102984,,DG_BONUS,DG,Bonus,UG-C-CC-K,UG,anonymous market,K,Cooperation,C,C,C-C,False
T12,V11,42.0,0.02632198335253454,,DG_BONUS,DG,Bonus,TG-S-DC-K,TG,anonymous market,K,Self-interest,D,C,D-C,False
T12,V12,45.333333333333336,0.028046164797142264,,DG_BONUS,DG,Bonus,UG-S-DD-P,UG,personal,P,Self-interest,D,D,D-D,False
T12,V13,57.666666666666664,0.03606516399010085,,DG_BONUS,DG,Bonus,UG-M-CC-K,UG,anonymous market,K,Moral,C,C,C-C,False
T12,V14,55.666666666666664,0.03476158147818959,,DG_BONUS,DG,Bonus,UG-M-CD-K,UG,anonymous market,K,Moral,C,D,C-D,False
T12,V15,46.333333333333336,0.028670977264646427,,DG_BONUS,DG,Bonus,UG-M-CD-P,UG,personal,P,Moral,C,D,C-D,False
T12,V16,42.0,0.02631420296979005,,DG_BONUS,DG,Bonus,TG-C-CD-P,TG,personal,P,Cooperation,C,D,C-D,False
T12,V17,86.66666666666667,0.054529286645830156,0.17577040384223674,DG_BONUS,DG,Bonus,DG-C-K,DG,anonymous market,K,Cooperation,C,None,C-NA,True
T12,V18,47.0,0.029491886149341468,,DG_BONUS,DG,Bonus,TG-M-CC-P,TG,personal,P,Moral,C,C,C-C,False
T12,V19,42.0,0.02629103018899274,,DG_BONUS,DG,Bonus,TG-C-CD-K,TG,anonymous market,K,Cooperation,C,D,C-D,False
T12,V20,48.0,0.029737985373908055,,DG_BONUS,DG,Bonus,UG-M-CC-P,UG,personal,P,Moral,C,C,C-C,False
T12,V21,49.0,0.03034706870848707,,DG_BONUS,DG,Bonus,UG-C-CD-K,UG,anonymous market,K,Cooperation,C,D,C-D,False
T12,V22,88.0,0.05556066336430959,0.17866633075683344,DG_BONUS,DG,Bonus,DG-C-P,DG,personal,P,Cooperation,C,None,C-NA,True
T12,V23,49.0,0.03032389592768976,,DG_BONUS,DG,Bonus,UG-C-CD-P,UG,personal,P,Cooperation,C,D,C-D,False
T12,V24,40.666666666666664,0.02542203130353062,,DG_BONUS,DG,Bonus,TG-S-DD-K,TG,anonymous market,K,Self-interest,D,D,D-D,False
T12,V25,49.0,0.03077212751301926,,DG_BONUS,DG,Bonus,TG-M-CD-K,TG,anonymous market,K,Moral,C,D,C-D,False
T12,V26,44.0,0.027563659537362204,,DG_BONUS,DG,Bonus,TG-C-CC-K,TG,anonymous market,K,Cooperation,C,C,C-C,False
T12,V27,46.333333333333336,0.028686369662699236,,DG_BONUS,DG,Bonus,UG-S-DC-P,UG,personal,P,Self-interest,D,C,D-C,False
T12,V28,92.33333333333333,0.058249468605636595,0.18749450573012147,DG_BONUS,DG,Bonus,DG-M-K,DG,anonymous market,K,Moral,C,None,C-NA,True
T12,V29,46.0,0.028828508502987182,,DG_BONUS,DG,Bonus,TG-M-CD-P,TG,personal,P,Moral,C,D,C-D,False
T12,V30,38.666666666666664,0.024157182337905647,,DG_BONUS,DG,Bonus,TG-S-DD-P,TG,personal,P,Self-interest,D,D,D-D,False
