hp_response_id,similarity_reference_B
HP3201,2
HP3202,20
HP3203,24
HP3204,8
HP3205,62
HP3206,22
HP3207,1
HP3208,1
HP3209,28
HP3210,38
HP3211,42
HP3212,8
HP3213,32
HP3214,28
HP3215,34
HP3216,32
HP3217,12
HP3218,10
HP3219,30
HP3220,44
HP3221,0
HP3222,18
HP3223,14
HP3224,30
HP3225,22
HP3226,18
HP3227,18
HP3228,36
HP3229,58
HP3230,18
HP3231,8
HP3232,18
HP3233,44
HP3234,20
HP3235,32
HP3236,14
HP3237,0
HP3238,24
HP3239,65
HP3240,30
HP3241,8
HP3242,12
HP3243,24
HP3244,2
HP3245,38
HP3246,18
HP3247,34
HP3248,28
HP3249,2
HP3250,32
HP3251,30
HP3252,32
HP3253,38
HP3254,6
HP3255,26
HP3256,34
HP3257,38
HP3258,42
HP3259,4
HP3260,20
HP3261,34
HP3262,30
HP3263,32
HP3264,40
HP3265,16
HP3266,32
HP3267,30
HP3268,24
HP3269,34
HP3270,8
HP3271,22
HP3272,10
HP3273,18
HP3274,8
HP3275,4
HP3276,43
HP3277,22
HP3278,8
HP3279,22
HP3280,25
HP3281,4
HP3282,20
HP3283,28
HP3284,36
HP3285,8
HP3286,24
HP3287,44
HP3288,20
HP3289,18
HP3290,2
HP3291,34
HP3292,20
HP3293,18
HP3294,18
HP3295,30
HP3296,34
HP3297,38
HP3298,20
HP3299,36
HP3300,38
HP3301,18
HP3302,26
HP3303,8
HP3304,14
HP3305,26
HP3306,3
HP3307,34
HP3308,24
HP3309,36
HP3310,50
HP3311,24
HP3312,8
HP3313,20
HP3314,30
HP3315,16
HP3316,18
HP3317,36
HP3318,22
HP3319,38
HP3320,24
HP3321,26
HP3322,60
HP3323,61
HP3324,60
HP3325,24
HP3326,38
HP3327,32
HP3328,14
HP3329,14
HP3330,26
HP3331,34
HP3332,4
HP3333,38
HP3334,38
HP3335,48
HP3336,32
HP3337,22
HP3338,38
HP3339,36
HP3340,28
HP3341,2
HP3342,65
HP3343,12
HP3344,12
HP3345,22
HP3346,10
HP3347,14
HP3348,38
HP3349,43
HP3350,4
HP3351,34
HP3352,34
HP3353,40
HP3354,32
HP3355,36
HP3356,40
HP3357,10
HP3358,52
HP3359,30
HP3360,3
HP3361,28
HP3362,30
HP3363,48
HP3364,52
HP3365,36
HP3366,0
HP3367,0
HP3368,14
HP3369,38
HP3370,6
HP3371,1
HP3372,12
HP3373,20
HP3374,36
HP3375,18
HP3376,18
HP3377,26
HP3378,30
HP3379,36
HP3380,8
HP3381,22
HP3382,8
HP3383,14
HP3384,36
HP3385,8
HP3386,4
HP3387,4
HP3388,55
HP3389,32
HP3390,28
HP3391,24
HP3392,32
HP3393,44
HP3394,16
HP3395,36
HP3396,5
HP3397,14
HP3398,28
HP3399,36
HP3400,36
HP3401,30
HP3402,24
HP3403,14
HP3404,10
HP3405,20
HP3406,34
HP3407,36
HP3408,36
HP3409,34
HP3410,22
HP3411,4
HP3412,32
HP3413,30
HP3414,2
HP3415,36
HP3416,20
HP3417,48
HP3418,32
HP3419,42
HP3420,38
HP3421,0
HP3422,18
HP3423,0
HP3424,30
HP3425,18
HP3426,42
HP3427,34
HP3428,10
HP3429,36
HP3430,2
HP3431,34
HP3432,22
HP3433,40
HP3434,24
HP3435,36
HP3436,34
HP3437,40
HP3438,35
HP3439,8
HP3440,32
HP3441,38
HP3442,46
HP3443,38
HP3444,42
HP3445,20
HP3446,40
HP3447,52
HP3448,34
HP3449,5
HP3450,22
HP3451,2
HP3452,42
HP3453,34
HP3454,3
HP3455,36
HP3456,24
HP3457,30
HP3458,0
HP3459,38
HP3460,14
HP3461,6
HP3462,28
HP3463,40
HP3464,5
HP3465,10
HP3466,38
HP3467,20
HP3468,18
HP3469,36
HP3470,22
HP3471,6
HP3472,56
HP3473,34
HP3474,26
HP3475,5
HP3476,30
HP3477,34
HP3478,30
HP3479,28
HP3480,30
HP3481,14
HP3482,10
HP3483,44
HP3484,4
HP3485,38
HP3486,4
HP3487,34
HP3488,32
HP3489,8
HP3490,4
HP3491,18
HP3492,30
HP3493,22
HP3494,4
HP3495,4
HP3496,22
HP3497,38
HP3498,40
HP3499,30
HP3500,28
HP3501,28
HP3502,28
HP3503,4
HP3504,52
HP3505,26
HP3506,36
HP3507,42
HP3508,4
HP3509,40
HP3510,46
HP3511,68
HP3512,10
HP3513,36
HP3514,26
HP3515,36
HP3516,30
HP3517,0
HP3518,34
HP3519,36
HP3520,32
HP3521,8
HP3522,66
HP3523,4
HP3524,36
HP3525,30
HP3526,32
HP3527,14
HP3528,34
HP3529,38
HP3530,22
HP3531,6
HP3532,30
HP3533,44
HP3534,38
HP3535,55
HP3536,28
HP3537,34
HP3538,24
HP3539,65
HP3540,36
HP3541,28
HP3542,2
HP3543,40
HP3544,18
HP3545,6
HP3546,30
HP3547,34
HP3548,22
HP3549,18
HP3550,30
HP3551,18
HP3552,36
HP3553,26
HP3554,18
HP3555,50
HP3556,28
HP3557,34
HP3558,20
HP3559,26
HP3560,34
HP3561,28
HP3562,24
HP3563,10
HP3564,8
HP3565,28
HP3566,6
HP3567,4
HP3568,54
HP3569,8
HP3570,40
HP3571,24
HP3572,36
HP3573,54
HP3574,2
HP3575,30
HP3576,36
HP3577,44
HP3578,34
HP3579,28
HP3580,24
HP3581,12
HP3582,4
HP3583,5
HP3584,18
HP3585,60
HP3586,28
HP3587,14
HP3588,16
HP3589,22
HP3590,2
HP3591,28
HP3592,30
HP3593,8
HP3594,4
HP3595,54
HP3596,45
HP3597,34
HP3598,30
HP3599,38
HP3600,18
