comparison,comparison_label,game,story,condition,representation,count,n,share_pct,pooled_median,tie_rule
market_vs_control,Market $-$ Control,ug,0,Control,MH,154,563,27.353463587921844,0.55,High if belief > median; Low if belief <= median
market_vs_control,Market $-$ Control,ug,0,Control,ML,283,563,50.26642984014209,0.55,High if belief > median; Low if belief <= median
market_vs_control,Market $-$ Control,ug,0,Control,SH,39,563,6.927175843694494,0.55,High if belief > median; Low if belief <= median
market_vs_control,Market $-$ Control,ug,0,Control,SL,70,563,12.433392539964476,0.55,High if belief > median; Low if belief <= median
market_vs_control,Market $-$ Control,ug,0,Control,CH,5,563,0.8880994671403196,0.55,High if belief > median; Low if belief <= median
market_vs_control,Market $-$ Control,ug,0,Control,CL,12,563,2.1314387211367674,0.55,High if belief > median; Low if belief <= median
market_vs_control,Market $-$ Control,ug,1,Market,MH,100,464,21.551724137931032,0.55,High if belief > median; Low if belief <= median
market_vs_control,Market $-$ Control,ug,1,Market,ML,59,464,12.71551724137931,0.55,High if belief > median; Low if belief <= median
market_vs_control,Market $-$ Control,ug,1,Market,SH,116,464,25.0,0.55,High if belief > median; Low if belief <= median
market_vs_control,Market $-$ Control,ug,1,Market,SL,54,464,11.637931034482758,0.55,High if belief > median; Low if belief <= median
market_vs_control,Market $-$ Control,ug,1,Market,CH,94,464,20.25862068965517,0.55,High if belief > median; Low if belief <= median
market_vs_control,Market $-$ Control,ug,1,Market,CL,41,464,8.836206896551724,0.55,High if belief > median; Low if belief <= median
market_vs_control,Market $-$ Control,tg,0,Control,MH,64,453,14.1280353200883,0.3333333333333333,High if belief > median; Low if belief <= median
market_vs_control,Market $-$ Control,tg,0,Control,ML,123,453,27.1523178807947,0.3333333333333333,High if belief > median; Low if belief <= median
market_vs_control,Market $-$ Control,tg,0,Control,SH,15,453,3.3112582781456954,0.3333333333333333,High if belief > median; Low if belief <= median
market_vs_control,Market $-$ Control,tg,0,Control,SL,81,453,17.880794701986755,0.3333333333333333,High if belief > median; Low if belief <= median
market_vs_control,Market $-$ Control,tg,0,Control,CH,75,453,16.55629139072848,0.3333333333333333,High if belief > median; Low if belief <= median
market_vs_control,Market $-$ Control,tg,0,Control,CL,95,453,20.97130242825607,0.3333333333333333,High if belief > median; Low if belief <= median
market_vs_control,Market $-$ Control,tg,1,Market,MH,54,517,10.444874274661508,0.3333333333333333,High if belief > median; Low if belief <= median
market_vs_control,Market $-$ Control,tg,1,Market,ML,44,517,8.51063829787234,0.3333333333333333,High if belief > median; Low if belief <= median
market_vs_control,Market $-$ Control,tg,1,Market,SH,65,517,12.572533849129593,0.3333333333333333,High if belief > median; Low if belief <= median
market_vs_control,Market $-$ Control,tg,1,Market,SL,59,517,11.411992263056092,0.3333333333333333,High if belief > median; Low if belief <= median
market_vs_control,Market $-$ Control,tg,1,Market,CH,193,517,37.33075435203095,0.3333333333333333,High if belief > median; Low if belief <= median
market_vs_control,Market $-$ Control,tg,1,Market,CL,102,517,19.729206963249517,0.3333333333333333,High if belief > median; Low if belief <= median
aid_vs_bonus,Aid $-$ Bonus,ug,2,Bonus,MH,232,562,41.281138790035584,0.48,High if belief > median; Low if belief <= median
aid_vs_bonus,Aid $-$ Bonus,ug,2,Bonus,ML,244,562,43.41637010676156,0.48,High if belief > median; Low if belief <= median
aid_vs_bonus,Aid $-$ Bonus,ug,2,Bonus,SH,32,562,5.6939501779359425,0.48,High if belief > median; Low if belief <= median
aid_vs_bonus,Aid $-$ Bonus,ug,2,Bonus,SL,27,562,4.804270462633451,0.48,High if belief > median; Low if belief <= median
aid_vs_bonus,Aid $-$ Bonus,ug,2,Bonus,CH,11,562,1.9572953736654803,0.48,High if belief > median; Low if belief <= median
aid_vs_bonus,Aid $-$ Bonus,ug,2,Bonus,CL,16,562,2.8469750889679712,0.48,High if belief > median; Low if belief <= median
aid_vs_bonus,Aid $-$ Bonus,ug,4,Aid,MH,197,558,35.30465949820788,0.48,High if belief > median; Low if belief <= median
aid_vs_bonus,Aid $-$ Bonus,ug,4,Aid,ML,224,558,40.14336917562724,0.48,High if belief > median; Low if belief <= median
aid_vs_bonus,Aid $-$ Bonus,ug,4,Aid,SH,71,558,12.724014336917563,0.48,High if belief > median; Low if belief <= median
aid_vs_bonus,Aid $-$ Bonus,ug,4,Aid,SL,42,558,7.526881720430108,0.48,High if belief > median; Low if belief <= median
aid_vs_bonus,Aid $-$ Bonus,ug,4,Aid,CH,11,558,1.971326164874552,0.48,High if belief > median; Low if belief <= median
aid_vs_bonus,Aid $-$ Bonus,ug,4,Aid,CL,13,558,2.3297491039426523,0.48,High if belief > median; Low if belief <= median
aid_vs_bonus,Aid $-$ Bonus,tg,2,Bonus,MH,80,467,17.130620985010705,0.3333333333333333,High if belief > median; Low if belief <= median
aid_vs_bonus,Aid $-$ Bonus,tg,2,Bonus,ML,127,467,27.194860813704498,0.3333333333333333,High if belief > median; Low if belief <= median
aid_vs_bonus,Aid $-$ Bonus,tg,2,Bonus,SH,14,467,2.9978586723768736,0.3333333333333333,High if belief > median; Low if belief <= median
aid_vs_bonus,Aid $-$ Bonus,tg,2,Bonus,SL,60,467,12.84796573875803,0.3333333333333333,High if belief > median; Low if belief <= median
aid_vs_bonus,Aid $-$ Bonus,tg,2,Bonus,CH,59,467,12.633832976445397,0.3333333333333333,High if belief > median; Low if belief <= median
aid_vs_bonus,Aid $-$ Bonus,tg,2,Bonus,CL,127,467,27.194860813704498,0.3333333333333333,High if belief > median; Low if belief <= median
aid_vs_bonus,Aid $-$ Bonus,tg,4,Aid,MH,55,470,11.702127659574469,0.3333333333333333,High if belief > median; Low if belief <= median
aid_vs_bonus,Aid $-$ Bonus,tg,4,Aid,ML,148,470,31.48936170212766,0.3333333333333333,High if belief > median; Low if belief <= median
aid_vs_bonus,Aid $-$ Bonus,tg,4,Aid,SH,9,470,1.9148936170212765,0.3333333333333333,High if belief > median; Low if belief <= median
aid_vs_bonus,Aid $-$ Bonus,tg,4,Aid,SL,60,470,12.76595744680851,0.3333333333333333,High if belief > median; Low if belief <= median
aid_vs_bonus,Aid $-$ Bonus,tg,4,Aid,CH,78,470,16.595744680851062,0.3333333333333333,High if belief > median; Low if belief <= median
aid_vs_bonus,Aid $-$ Bonus,tg,4,Aid,CL,120,470,25.53191489361702,0.3333333333333333,High if belief > median; Low if belief <= median
