fold,penalty_lambda,n_train,n_test,log_loss,accuracy,converged,iterations,gradient_max,message,mean_log_loss,selected
1,0.015625,3600,1200,1.5167586145808873,0.5275,True,380,0.0005935331257522769,CONVERGENCE: RELATIVE REDUCTION OF F <= FACTR*EPSMCH,1.4849048864932188,False
2,0.015625,3600,1200,1.5291199527818764,0.5266666666666666,True,354,0.0006428072078143998,CONVERGENCE: RELATIVE REDUCTION OF F <= FACTR*EPSMCH,1.4849048864932188,False
3,0.015625,3600,1200,1.468520628447698,0.5416666666666666,True,370,0.001760152644192381,CONVERGENCE: RELATIVE REDUCTION OF F <= FACTR*EPSMCH,1.4849048864932188,False
4,0.015625,3600,1200,1.4252203501624134,0.5316666666666666,True,354,0.005755875216721051,CONVERGENCE: RELATIVE REDUCTION OF F <= FACTR*EPSMCH,1.4849048864932188,False
1,0.03125,3600,1200,1.39687547661461,0.53,True,296,0.0008607140822154413,CONVERGENCE: RELATIVE REDUCTION OF F <= FACTR*EPSMCH,1.3707053498082309,False
2,0.03125,3600,1200,1.4097684098020529,0.5266666666666666,True,274,0.0006467138596502053,CONVERGENCE: RELATIVE REDUCTION OF F <= FACTR*EPSMCH,1.3707053498082309,False
3,0.03125,3600,1200,1.3561530610305166,0.5416666666666666,True,288,0.001963441352994977,CONVERGENCE: RELATIVE REDUCTION OF F <= FACTR*EPSMCH,1.3707053498082309,False
4,0.03125,3600,1200,1.3200244517857445,0.5358333333333334,True,276,0.0017443504078138439,CONVERGENCE: RELATIVE REDUCTION OF F <= FACTR*EPSMCH,1.3707053498082309,False
1,0.0625,3600,1200,1.294118166187549,0.5291666666666667,True,227,0.002979819716957266,CONVERGENCE: RELATIVE REDUCTION OF F <= FACTR*EPSMCH,1.2733473831727402,False
2,0.0625,3600,1200,1.3068990433611192,0.5266666666666666,True,234,0.0014763401255253328,CONVERGENCE: RELATIVE REDUCTION OF F <= FACTR*EPSMCH,1.2733473831727402,False
3,0.0625,3600,1200,1.2610304492422786,0.5416666666666666,True,231,0.001256938087196957,CONVERGENCE: RELATIVE REDUCTION OF F <= FACTR*EPSMCH,1.2733473831727402,False
4,0.0625,3600,1200,1.2313418739000144,0.5358333333333334,True,222,0.0006914471859298388,CONVERGENCE: RELATIVE REDUCTION OF F <= FACTR*EPSMCH,1.2733473831727402,False
1,0.125,3600,1200,1.2147541470009096,0.5308333333333334,True,183,0.001194598219430354,CONVERGENCE: RELATIVE REDUCTION OF F <= FACTR*EPSMCH,1.1991483880859473,False
2,0.125,3600,1200,1.2268367335987298,0.525,True,185,0.00046091627942601576,CONVERGENCE: RELATIVE REDUCTION OF F <= FACTR*EPSMCH,1.1991483880859473,False
3,0.125,3600,1200,1.1893147771935109,0.5383333333333333,True,167,0.0008144707014494657,CONVERGENCE: RELATIVE REDUCTION OF F <= FACTR*EPSMCH,1.1991483880859473,False
4,0.125,3600,1200,1.165687894550639,0.535,True,173,0.0010016447298375475,CONVERGENCE: RELATIVE REDUCTION OF F <= FACTR*EPSMCH,1.1991483880859473,False
1,0.25,3600,1200,1.1652491670725142,0.5291666666666667,True,131,0.0007156719697767322,CONVERGENCE: RELATIVE REDUCTION OF F <= FACTR*EPSMCH,1.1544649480861577,False
2,0.25,3600,1200,1.176108614580897,0.5283333333333333,True,122,0.0011286571625692687,CONVERGENCE: RELATIVE REDUCTION OF F <= FACTR*EPSMCH,1.1544649480861577,False
3,0.25,3600,1200,1.147120610532306,0.5366666666666666,True,133,0.0009898373843260089,CONVERGENCE: RELATIVE REDUCTION OF F <= FACTR*EPSMCH,1.1544649480861577,False
4,0.25,3600,1200,1.1293814001589138,0.5341666666666667,True,122,0.0007062475137131763,CONVERGENCE: RELATIVE REDUCTION OF F <= FACTR*EPSMCH,1.1544649480861577,False
1,0.5,3600,1200,1.1490026250309369,0.5216666666666666,True,94,0.0015990894714685844,CONVERGENCE: RELATIVE REDUCTION OF F <= FACTR*EPSMCH,1.1424404104418728,True
2,0.5,3600,1200,1.158313740220484,0.52,True,82,0.0029043342039116737,CONVERGENCE: RELATIVE REDUCTION OF F <= FACTR*EPSMCH,1.1424404104418728,True
3,0.5,3600,1200,1.1373145053905702,0.54,True,82,0.0031878024008520356,CONVERGENCE: RELATIVE REDUCTION OF F <= FACTR*EPSMCH,1.1424404104418728,True
4,0.5,3600,1200,1.1251307711255,0.5358333333333334,True,95,0.004428893621312824,CONVERGENCE: RELATIVE REDUCTION OF F <= FACTR*EPSMCH,1.1424404104418728,True
1,1.0,3600,1200,1.1621930151277198,0.5383333333333333,True,80,0.0006517431814359043,CONVERGENCE: RELATIVE REDUCTION OF F <= FACTR*EPSMCH,1.1590444021188868,False
2,1.0,3600,1200,1.1700992906837675,0.5291666666666667,True,83,0.0033259866448052122,CONVERGENCE: RELATIVE REDUCTION OF F <= FACTR*EPSMCH,1.1590444021188868,False
3,1.0,3600,1200,1.1556596011970082,0.525,True,70,0.003407617868927737,CONVERGENCE: RELATIVE REDUCTION OF F <= FACTR*EPSMCH,1.1590444021188868,False
4,1.0,3600,1200,1.1482257014670514,0.5341666666666667,True,66,0.0009206263509685397,CONVERGENCE: RELATIVE REDUCTION OF F <= FACTR*EPSMCH,1.1590444021188868,False
1,2.0,3600,1200,1.1926398198974966,0.5091666666666667,True,53,0.00169880590021243,CONVERGENCE: RELATIVE REDUCTION OF F <= FACTR*EPSMCH,1.1919799300246199,False
2,2.0,3600,1200,1.1996424689398943,0.49666666666666665,True,48,0.0022571420768109363,CONVERGENCE: RELATIVE REDUCTION OF F <= FACTR*EPSMCH,1.1919799300246199,False
3,2.0,3600,1200,1.1898072954088281,0.49833333333333335,True,55,0.00334063613275859,CONVERGENCE: RELATIVE REDUCTION OF F <= FACTR*EPSMCH,1.1919799300246199,False
4,2.0,3600,1200,1.18583013585226,0.44083333333333335,True,54,0.003563452488224761,CONVERGENCE: RELATIVE REDUCTION OF F <= FACTR*EPSMCH,1.1919799300246199,False
1,4.0,3600,1200,1.2246589238825731,0.45,True,36,0.0005414989158341044,CONVERGENCE: RELATIVE REDUCTION OF F <= FACTR*EPSMCH,1.225584555237381,False
2,4.0,3600,1200,1.231196649646401,0.45416666666666666,True,39,0.0030520653946609633,CONVERGENCE: RELATIVE REDUCTION OF F <= FACTR*EPSMCH,1.225584555237381,False
3,4.0,3600,1200,1.2241619351953439,0.43583333333333335,True,29,0.005102148644953175,CONVERGENCE: RELATIVE REDUCTION OF F <= FACTR*EPSMCH,1.225584555237381,False
4,4.0,3600,1200,1.2223207122252062,0.42916666666666664,True,42,0.0011691190649787409,CONVERGENCE: RELATIVE REDUCTION OF F <= FACTR*EPSMCH,1.225584555237381,False
1,8.0,3600,1200,1.2485532289937495,0.445,True,20,0.00588238686711362,CONVERGENCE: RELATIVE REDUCTION OF F <= FACTR*EPSMCH,1.2503776265261097,False
2,8.0,3600,1200,1.2548667094898955,0.45416666666666666,True,26,0.0006761271824728965,CONVERGENCE: RELATIVE REDUCTION OF F <= FACTR*EPSMCH,1.2503776265261097,False
3,8.0,3600,1200,1.2493786313898934,0.4216666666666667,True,19,0.007358512933375749,CONVERGENCE: RELATIVE REDUCTION OF F <= FACTR*EPSMCH,1.2503776265261097,False
4,8.0,3600,1200,1.2487119362309003,0.4066666666666667,True,22,0.0009638004610135198,CONVERGENCE: RELATIVE REDUCTION OF F <= FACTR*EPSMCH,1.2503776265261097,False
1,16.0,3600,1200,1.2632569278440633,0.3975,True,17,0.0007988905605724739,CONVERGENCE: RELATIVE REDUCTION OF F <= FACTR*EPSMCH,1.2655563249279231,False
2,16.0,3600,1200,1.2694597296603816,0.3958333333333333,True,16,0.003841984314330915,CONVERGENCE: RELATIVE REDUCTION OF F <= FACTR*EPSMCH,1.2655563249279231,False
3,16.0,3600,1200,1.2647815950437644,0.4216666666666667,True,19,0.0007925577089373803,CONVERGENCE: RELATIVE REDUCTION OF F <= FACTR*EPSMCH,1.2655563249279231,False
4,16.0,3600,1200,1.264727047163483,0.38,True,15,0.00035904536766950823,CONVERGENCE: RELATIVE REDUCTION OF F <= FACTR*EPSMCH,1.2655563249279231,False
1,32.0,3600,1200,1.2714225032901683,0.38916666666666666,True,29,0.00105720380696539,CONVERGENCE: RELATIVE REDUCTION OF F <= FACTR*EPSMCH,1.2739654517460475,False
2,32.0,3600,1200,1.277569812568285,0.3958333333333333,True,31,0.000535593790225164,CONVERGENCE: RELATIVE REDUCTION OF F <= FACTR*EPSMCH,1.2739654517460475,False
3,32.0,3600,1200,1.2733070031955174,0.37666666666666665,True,31,0.0010745053006200322,CONVERGENCE: RELATIVE REDUCTION OF F <= FACTR*EPSMCH,1.2739654517460475,False
4,32.0,3600,1200,1.273562487930219,0.36583333333333334,True,29,0.0004833331602487334,CONVERGENCE: RELATIVE REDUCTION OF F <= FACTR*EPSMCH,1.2739654517460475,False
