task,context_id,rater_a,rater_b,pearson,spearman,mean_absolute_point_difference,total_variation_distance
structural_all22,T01,relative-agent-1,relative-agent-2,0.9714651318140841,0.8851943346004879,7.181818181818182,0.079
structural_all22,T01,relative-agent-1,relative-agent-3,0.9607698542959235,0.8696895112462367,8.181818181818182,0.09
structural_all22,T01,relative-agent-2,relative-agent-3,0.9911017263892588,0.9643190081580374,4.818181818181818,0.053
structural_all22,T02,relative-agent-1,relative-agent-2,0.9607390285036609,0.9262874649864082,11.090909090909092,0.122
structural_all22,T02,relative-agent-1,relative-agent-3,0.9718219829257655,0.9533503349641547,6.181818181818182,0.068
structural_all22,T02,relative-agent-2,relative-agent-3,0.9570833963907264,0.9407298184707383,9.090909090909092,0.1
structural_all22,T03,relative-agent-1,relative-agent-2,0.9890279932199781,0.8331199741592112,12.727272727272727,0.14
structural_all22,T03,relative-agent-1,relative-agent-3,0.9933811039225642,0.9321315384875511,12.272727272727273,0.135
structural_all22,T03,relative-agent-2,relative-agent-3,0.9892111918459715,0.8720914462475637,5.636363636363637,0.062
structural_all22,T04,relative-agent-1,relative-agent-2,0.981678180995844,0.9362303492631678,12.818181818181818,0.141
structural_all22,T04,relative-agent-1,relative-agent-3,0.9873100076852759,0.9139063254877677,4.818181818181818,0.053
structural_all22,T04,relative-agent-2,relative-agent-3,0.9783052624454497,0.8467014984493287,12.363636363636363,0.136
structural_all22,T05,relative-agent-1,relative-agent-2,0.9713049337028179,0.835722547656378,12.363636363636363,0.136
structural_all22,T05,relative-agent-1,relative-agent-3,0.9711715519688007,0.7573560574201518,11.363636363636363,0.125
structural_all22,T05,relative-agent-2,relative-agent-3,0.9640300291621855,0.9597194401650356,6.545454545454546,0.072
structural_all22,T06,relative-agent-1,relative-agent-2,0.9913812591195009,0.6369851931509182,4.0,0.044
structural_all22,T06,relative-agent-1,relative-agent-3,0.9936255692797246,0.6135787589725038,4.7272727272727275,0.052
structural_all22,T06,relative-agent-2,relative-agent-3,0.9982729792419058,0.9877596348565316,3.0,0.033
structural_all22,T07,relative-agent-1,relative-agent-2,0.904983388603229,0.9453731516551686,14.363636363636363,0.158
structural_all22,T07,relative-agent-1,relative-agent-3,0.9525939775303053,0.9847286643023957,8.818181818181818,0.097
structural_all22,T07,relative-agent-2,relative-agent-3,0.9407238304431923,0.9402438964236651,10.909090909090908,0.12
structural_all22,T08,relative-agent-1,relative-agent-2,0.9723781912412472,0.9898016440170003,9.909090909090908,0.109
structural_all22,T08,relative-agent-1,relative-agent-3,0.9241604747150249,0.9802149672433198,9.545454545454545,0.105
structural_all22,T08,relative-agent-2,relative-agent-3,0.9632089946038285,0.9821366781320975,9.636363636363637,0.106
structural_all22,T09,relative-agent-1,relative-agent-2,0.9905419787903861,0.9052356003300043,3.8181818181818183,0.042
structural_all22,T09,relative-agent-1,relative-agent-3,0.9869891630233254,0.7673512924914376,5.090909090909091,0.056
structural_all22,T09,relative-agent-2,relative-agent-3,0.9985834308594108,0.902347708950374,2.1818181818181817,0.024
structural_all22,T10,relative-agent-1,relative-agent-2,0.9676383613595617,0.7806568214489015,12.545454545454545,0.138
structural_all22,T10,relative-agent-1,relative-agent-3,0.9821831865587692,0.7935651806258057,11.454545454545455,0.126
structural_all22,T10,relative-agent-2,relative-agent-3,0.9949881799221961,0.9668691689529982,4.454545454545454,0.049
structural_all22,T11,relative-agent-1,relative-agent-2,0.9930312028276234,0.8213676547053548,13.818181818181818,0.152
structural_all22,T11,relative-agent-1,relative-agent-3,0.9607760294127531,0.7936929598916443,11.181818181818182,0.123
structural_all22,T11,relative-agent-2,relative-agent-3,0.9659354932643399,0.9741288648267183,11.636363636363637,0.128
structural_all22,T12,relative-agent-1,relative-agent-2,0.9790719672810398,0.9461909187152148,9.272727272727273,0.102
structural_all22,T12,relative-agent-1,relative-agent-3,0.9485877028795893,0.9637291404205802,9.363636363636363,0.103
structural_all22,T12,relative-agent-2,relative-agent-3,0.9467929933318185,0.9580738081637578,9.181818181818182,0.101
within_game,T01,relative-agent-1,relative-agent-2,-0.7239227659930269,-0.7575896711961079,18.75,0.075
within_game,T01,relative-agent-1,relative-agent-3,-0.4530515222556722,-0.45455380271766466,23.75,0.095
within_game,T01,relative-agent-2,relative-agent-3,0.8033992579328529,0.75,11.25,0.045
within_game,T02,relative-agent-1,relative-agent-2,0.8205640739905516,0.6363753238047306,17.5,0.07
within_game,T02,relative-agent-1,relative-agent-3,0.9792060663962138,0.9940297973880048,8.75,0.035
within_game,T02,relative-agent-2,relative-agent-3,0.755410434556289,0.6024533658898499,18.75,0.075
within_game,T03,relative-agent-1,relative-agent-2,0.9920060759210552,0.7901836773196718,2.5,0.01
within_game,T03,relative-agent-1,relative-agent-3,0.9926906387111265,0.8170731707317075,12.5,0.05
within_game,T03,relative-agent-2,relative-agent-3,0.9989672268708273,0.9877295966495896,15.0,0.06
within_game,T04,relative-agent-1,relative-agent-2,0.7983266886874697,0.7171371656006363,16.666666666666668,0.05
within_game,T04,relative-agent-1,relative-agent-3,0.9183217899132091,0.942857142857143,13.333333333333334,0.04
within_game,T04,relative-agent-2,relative-agent-3,0.8552863311401863,0.7171371656006363,20.0,0.06
within_game,T05,relative-agent-1,relative-agent-2,0.946319979899881,0.9512195121951219,18.75,0.075
within_game,T05,relative-agent-1,relative-agent-3,0.9597293547204808,0.8554837795635869,13.75,0.055
within_game,T05,relative-agent-2,relative-agent-3,0.8523617614902754,0.7349931063856169,18.75,0.075
within_game,T06,relative-agent-1,relative-agent-2,-0.29134939036443047,-0.12309149097933272,15.0,0.045
within_game,T06,relative-agent-1,relative-agent-3,0.016282240225645887,0.11941628680530642,11.666666666666666,0.035
within_game,T06,relative-agent-2,relative-agent-3,0.87946311893926,0.9095085938862487,3.3333333333333335,0.01
within_game,T07,relative-agent-1,relative-agent-2,0.7163014652744626,0.6467181814331598,25.0,0.1
within_game,T07,relative-agent-1,relative-agent-3,0.8917402184963682,0.9047619047619048,13.75,0.055
within_game,T07,relative-agent-2,relative-agent-3,0.8559723484772176,0.730552019767088,21.25,0.085
within_game,T08,relative-agent-1,relative-agent-2,0.975427661834745,0.9639253854237597,6.25,0.025
within_game,T08,relative-agent-1,relative-agent-3,0.9750900851982865,0.9700772721497398,18.75,0.075
within_game,T08,relative-agent-2,relative-agent-3,0.9849347043749073,0.9697147791310179,17.5,0.07
within_game,T09,relative-agent-1,relative-agent-2,-0.4564354645876384,-0.4294778451936667,11.25,0.045
within_game,T09,relative-agent-1,relative-agent-3,-0.2927700218845599,-0.22507034547615992,12.5,0.05
within_game,T09,relative-agent-2,relative-agent-3,0.9354143466934853,0.9207368843792509,2.5,0.01
within_game,T10,relative-agent-1,relative-agent-2,0.9514337497716854,0.8857142857142858,23.333333333333332,0.07
within_game,T10,relative-agent-1,relative-agent-3,0.9625091135620853,0.8857142857142858,20.0,0.06
within_game,T10,relative-agent-2,relative-agent-3,0.9906514586148188,1.0,8.333333333333334,0.025
within_game,T11,relative-agent-1,relative-agent-2,0.9745912499142517,0.942857142857143,10.0,0.03
within_game,T11,relative-agent-1,relative-agent-3,0.7318137932827518,0.4638168285219587,28.333333333333332,0.085
within_game,T11,relative-agent-2,relative-agent-3,0.7928562076926596,0.550782483869826,36.666666666666664,0.11
within_game,T12,relative-agent-1,relative-agent-2,0.9317054885374947,0.8263621207201486,16.25,0.065
within_game,T12,relative-agent-1,relative-agent-3,0.8929023588635132,0.6946232319096901,17.5,0.07
within_game,T12,relative-agent-2,relative-agent-3,0.8324618449967851,0.6190476190476191,17.5,0.07
