classification_id,category_num,classification_origin
WCLS10621,0,gpt_5_6_subagent_rowwise
WCLS10622,0,gpt_5_6_subagent_rowwise
WCLS10623,0,gpt_5_6_subagent_rowwise
WCLS10624,0,gpt_5_6_subagent_rowwise
WCLS10625,0,gpt_5_6_subagent_rowwise
WCLS10626,3,gpt_5_6_subagent_rowwise
WCLS10627,0,gpt_5_6_subagent_rowwise
WCLS10628,0,gpt_5_6_subagent_rowwise
WCLS10629,3,gpt_5_6_subagent_rowwise
WCLS10630,0,gpt_5_6_subagent_rowwise
WCLS10631,1,gpt_5_6_subagent_rowwise
WCLS10632,2,gpt_5_6_subagent_rowwise
WCLS10633,3,gpt_5_6_subagent_rowwise
WCLS10634,1,gpt_5_6_subagent_rowwise
WCLS10635,0,gpt_5_6_subagent_rowwise
WCLS10636,3,gpt_5_6_subagent_rowwise
WCLS10637,0,gpt_5_6_subagent_rowwise
WCLS10638,3,gpt_5_6_subagent_rowwise
WCLS10639,3,gpt_5_6_subagent_rowwise
WCLS10640,3,gpt_5_6_subagent_rowwise
WCLS10641,2,gpt_5_6_subagent_rowwise
WCLS10642,0,gpt_5_6_subagent_rowwise
WCLS10643,0,gpt_5_6_subagent_rowwise
WCLS10644,1,gpt_5_6_subagent_rowwise
WCLS10645,3,gpt_5_6_subagent_rowwise
WCLS10646,3,gpt_5_6_subagent_rowwise
WCLS10647,3,gpt_5_6_subagent_rowwise
WCLS10648,3,gpt_5_6_subagent_rowwise
WCLS10649,3,gpt_5_6_subagent_rowwise
WCLS10650,3,gpt_5_6_subagent_rowwise
WCLS10651,3,gpt_5_6_subagent_rowwise
WCLS10652,3,gpt_5_6_subagent_rowwise
WCLS10653,3,gpt_5_6_subagent_rowwise
WCLS10654,3,gpt_5_6_subagent_rowwise
WCLS10655,3,gpt_5_6_subagent_rowwise
WCLS10656,1,gpt_5_6_subagent_rowwise
WCLS10657,1,gpt_5_6_subagent_rowwise
WCLS10658,1,gpt_5_6_subagent_rowwise
WCLS10659,0,gpt_5_6_subagent_rowwise
WCLS10660,0,gpt_5_6_subagent_rowwise
WCLS10661,0,gpt_5_6_subagent_rowwise
WCLS10662,0,gpt_5_6_subagent_rowwise
WCLS10663,0,gpt_5_6_subagent_rowwise
WCLS10664,0,gpt_5_6_subagent_rowwise
WCLS10665,1,gpt_5_6_subagent_rowwise
WCLS10666,1,gpt_5_6_subagent_rowwise
WCLS10667,1,gpt_5_6_subagent_rowwise
WCLS10668,0,gpt_5_6_subagent_rowwise
WCLS10669,0,gpt_5_6_subagent_rowwise
WCLS10670,3,gpt_5_6_subagent_rowwise
WCLS10671,1,gpt_5_6_subagent_rowwise
WCLS10672,1,gpt_5_6_subagent_rowwise
WCLS10673,3,gpt_5_6_subagent_rowwise
WCLS10674,1,gpt_5_6_subagent_rowwise
WCLS10675,1,gpt_5_6_subagent_rowwise
WCLS10676,2,gpt_5_6_subagent_rowwise
WCLS10677,0,gpt_5_6_subagent_rowwise
WCLS10678,2,gpt_5_6_subagent_rowwise
WCLS10679,0,gpt_5_6_subagent_rowwise
WCLS10680,2,gpt_5_6_subagent_rowwise
WCLS10681,2,gpt_5_6_subagent_rowwise
WCLS10682,0,gpt_5_6_subagent_rowwise
WCLS10683,0,gpt_5_6_subagent_rowwise
WCLS10684,0,gpt_5_6_subagent_rowwise
WCLS10685,0,gpt_5_6_subagent_rowwise
WCLS10686,2,gpt_5_6_subagent_rowwise
WCLS10687,0,gpt_5_6_subagent_rowwise
WCLS10688,2,gpt_5_6_subagent_rowwise
WCLS10689,0,gpt_5_6_subagent_rowwise
WCLS10690,1,gpt_5_6_subagent_rowwise
WCLS10691,1,gpt_5_6_subagent_rowwise
WCLS10692,0,gpt_5_6_subagent_rowwise
WCLS10693,0,gpt_5_6_subagent_rowwise
WCLS10694,1,gpt_5_6_subagent_rowwise
WCLS10695,0,gpt_5_6_subagent_rowwise
WCLS10696,0,gpt_5_6_subagent_rowwise
WCLS10697,0,gpt_5_6_subagent_rowwise
WCLS10698,0,gpt_5_6_subagent_rowwise
WCLS10699,0,gpt_5_6_subagent_rowwise
WCLS10700,1,gpt_5_6_subagent_rowwise
WCLS10701,3,gpt_5_6_subagent_rowwise
WCLS10702,0,gpt_5_6_subagent_rowwise
WCLS10703,0,gpt_5_6_subagent_rowwise
WCLS10704,1,gpt_5_6_subagent_rowwise
WCLS10705,1,gpt_5_6_subagent_rowwise
WCLS10706,1,gpt_5_6_subagent_rowwise
WCLS10707,2,gpt_5_6_subagent_rowwise
WCLS10708,1,gpt_5_6_subagent_rowwise
WCLS10709,2,gpt_5_6_subagent_rowwise
WCLS10710,1,gpt_5_6_subagent_rowwise
WCLS10711,1,gpt_5_6_subagent_rowwise
WCLS10712,0,gpt_5_6_subagent_rowwise
WCLS10713,1,gpt_5_6_subagent_rowwise
WCLS10714,1,gpt_5_6_subagent_rowwise
WCLS10715,0,gpt_5_6_subagent_rowwise
WCLS10716,1,gpt_5_6_subagent_rowwise
WCLS10717,1,gpt_5_6_subagent_rowwise
WCLS10718,3,gpt_5_6_subagent_rowwise
WCLS10719,1,gpt_5_6_subagent_rowwise
WCLS10720,0,gpt_5_6_subagent_rowwise
WCLS10721,3,gpt_5_6_subagent_rowwise
WCLS10722,1,gpt_5_6_subagent_rowwise
WCLS10723,1,gpt_5_6_subagent_rowwise
WCLS10724,1,gpt_5_6_subagent_rowwise
WCLS10725,1,gpt_5_6_subagent_rowwise
WCLS10726,0,gpt_5_6_subagent_rowwise
WCLS10727,0,gpt_5_6_subagent_rowwise
WCLS10728,0,gpt_5_6_subagent_rowwise
WCLS10729,3,gpt_5_6_subagent_rowwise
WCLS10730,3,gpt_5_6_subagent_rowwise
WCLS10731,1,gpt_5_6_subagent_rowwise
WCLS10732,3,gpt_5_6_subagent_rowwise
WCLS10733,1,gpt_5_6_subagent_rowwise
WCLS10734,1,gpt_5_6_subagent_rowwise
WCLS10735,1,gpt_5_6_subagent_rowwise
WCLS10736,1,gpt_5_6_subagent_rowwise
WCLS10737,1,gpt_5_6_subagent_rowwise
WCLS10738,1,gpt_5_6_subagent_rowwise
WCLS10739,1,gpt_5_6_subagent_rowwise
WCLS10740,1,gpt_5_6_subagent_rowwise
WCLS10741,0,gpt_5_6_subagent_rowwise
WCLS10742,1,gpt_5_6_subagent_rowwise
WCLS10743,3,gpt_5_6_subagent_rowwise
WCLS10744,3,gpt_5_6_subagent_rowwise
WCLS10745,1,gpt_5_6_subagent_rowwise
WCLS10746,1,gpt_5_6_subagent_rowwise
WCLS10747,1,gpt_5_6_subagent_rowwise
WCLS10748,1,gpt_5_6_subagent_rowwise
WCLS10749,1,gpt_5_6_subagent_rowwise
WCLS10750,3,gpt_5_6_subagent_rowwise
WCLS10751,1,gpt_5_6_subagent_rowwise
WCLS10752,0,gpt_5_6_subagent_rowwise
WCLS10753,0,gpt_5_6_subagent_rowwise
WCLS10754,0,gpt_5_6_subagent_rowwise
WCLS10755,0,gpt_5_6_subagent_rowwise
WCLS10756,0,gpt_5_6_subagent_rowwise
WCLS10757,0,gpt_5_6_subagent_rowwise
WCLS10758,1,gpt_5_6_subagent_rowwise
WCLS10759,0,gpt_5_6_subagent_rowwise
WCLS10760,0,gpt_5_6_subagent_rowwise
WCLS10761,3,gpt_5_6_subagent_rowwise
WCLS10762,3,gpt_5_6_subagent_rowwise
WCLS10763,1,gpt_5_6_subagent_rowwise
WCLS10764,1,gpt_5_6_subagent_rowwise
WCLS10765,1,gpt_5_6_subagent_rowwise
WCLS10766,0,gpt_5_6_subagent_rowwise
WCLS10767,0,gpt_5_6_subagent_rowwise
WCLS10768,3,gpt_5_6_subagent_rowwise
WCLS10769,2,gpt_5_6_subagent_rowwise
WCLS10770,0,gpt_5_6_subagent_rowwise
WCLS10771,0,gpt_5_6_subagent_rowwise
WCLS10772,3,gpt_5_6_subagent_rowwise
WCLS10773,3,gpt_5_6_subagent_rowwise
WCLS10774,1,gpt_5_6_subagent_rowwise
WCLS10775,3,gpt_5_6_subagent_rowwise
WCLS10776,3,gpt_5_6_subagent_rowwise
WCLS10777,3,gpt_5_6_subagent_rowwise
WCLS10778,3,gpt_5_6_subagent_rowwise
WCLS10779,0,gpt_5_6_subagent_rowwise
WCLS10780,1,gpt_5_6_subagent_rowwise
WCLS10781,3,gpt_5_6_subagent_rowwise
WCLS10782,3,gpt_5_6_subagent_rowwise
WCLS10783,1,gpt_5_6_subagent_rowwise
WCLS10784,0,gpt_5_6_subagent_rowwise
WCLS10785,3,gpt_5_6_subagent_rowwise
WCLS10786,1,gpt_5_6_subagent_rowwise
WCLS10787,1,gpt_5_6_subagent_rowwise
WCLS10788,1,gpt_5_6_subagent_rowwise
WCLS10789,1,gpt_5_6_subagent_rowwise
WCLS10790,1,gpt_5_6_subagent_rowwise
WCLS10791,0,gpt_5_6_subagent_rowwise
WCLS10792,3,gpt_5_6_subagent_rowwise
WCLS10793,1,gpt_5_6_subagent_rowwise
WCLS10794,1,gpt_5_6_subagent_rowwise
WCLS10795,2,gpt_5_6_subagent_rowwise
WCLS10796,0,gpt_5_6_subagent_rowwise
WCLS10797,1,gpt_5_6_subagent_rowwise
WCLS10798,0,gpt_5_6_subagent_rowwise
WCLS10799,1,gpt_5_6_subagent_rowwise
WCLS10800,0,gpt_5_6_subagent_rowwise
WCLS10801,2,gpt_5_6_subagent_rowwise
WCLS10802,2,gpt_5_6_subagent_rowwise
WCLS10803,1,gpt_5_6_subagent_rowwise
WCLS10804,1,gpt_5_6_subagent_rowwise
WCLS10805,1,gpt_5_6_subagent_rowwise
WCLS10806,3,gpt_5_6_subagent_rowwise
WCLS10807,0,gpt_5_6_subagent_rowwise
WCLS10808,1,gpt_5_6_subagent_rowwise
WCLS10809,0,gpt_5_6_subagent_rowwise
WCLS10810,0,gpt_5_6_subagent_rowwise
WCLS10811,1,gpt_5_6_subagent_rowwise
WCLS10812,2,gpt_5_6_subagent_rowwise
WCLS10813,0,gpt_5_6_subagent_rowwise
WCLS10814,1,gpt_5_6_subagent_rowwise
WCLS10815,0,gpt_5_6_subagent_rowwise
WCLS10816,1,gpt_5_6_subagent_rowwise
WCLS10817,1,gpt_5_6_subagent_rowwise
WCLS10818,1,gpt_5_6_subagent_rowwise
WCLS10819,1,gpt_5_6_subagent_rowwise
WCLS10820,3,gpt_5_6_subagent_rowwise
WCLS10821,1,gpt_5_6_subagent_rowwise
WCLS10822,1,gpt_5_6_subagent_rowwise
WCLS10823,1,gpt_5_6_subagent_rowwise
WCLS10824,1,gpt_5_6_subagent_rowwise
WCLS10825,3,gpt_5_6_subagent_rowwise
WCLS10826,2,gpt_5_6_subagent_rowwise
WCLS10827,2,gpt_5_6_subagent_rowwise
WCLS10828,1,gpt_5_6_subagent_rowwise
WCLS10829,0,gpt_5_6_subagent_rowwise
WCLS10830,0,gpt_5_6_subagent_rowwise
WCLS10831,2,gpt_5_6_subagent_rowwise
WCLS10832,0,gpt_5_6_subagent_rowwise
WCLS10833,0,gpt_5_6_subagent_rowwise
WCLS10834,1,gpt_5_6_subagent_rowwise
WCLS10835,1,gpt_5_6_subagent_rowwise
WCLS10836,1,gpt_5_6_subagent_rowwise
WCLS10837,1,gpt_5_6_subagent_rowwise
WCLS10838,1,gpt_5_6_subagent_rowwise
WCLS10839,0,gpt_5_6_subagent_rowwise
WCLS10840,1,gpt_5_6_subagent_rowwise
WCLS10841,1,gpt_5_6_subagent_rowwise
WCLS10842,1,gpt_5_6_subagent_rowwise
WCLS10843,1,gpt_5_6_subagent_rowwise
WCLS10844,1,gpt_5_6_subagent_rowwise
WCLS10845,1,gpt_5_6_subagent_rowwise
WCLS10846,1,gpt_5_6_subagent_rowwise
WCLS10847,3,gpt_5_6_subagent_rowwise
WCLS10848,1,gpt_5_6_subagent_rowwise
WCLS10849,3,gpt_5_6_subagent_rowwise
WCLS10850,3,gpt_5_6_subagent_rowwise
WCLS10851,2,gpt_5_6_subagent_rowwise
WCLS10852,3,gpt_5_6_subagent_rowwise
WCLS10853,3,gpt_5_6_subagent_rowwise
WCLS10854,2,gpt_5_6_subagent_rowwise
WCLS10855,3,gpt_5_6_subagent_rowwise
WCLS10856,3,gpt_5_6_subagent_rowwise
WCLS10857,1,gpt_5_6_subagent_rowwise
WCLS10858,0,gpt_5_6_subagent_rowwise
WCLS10859,2,gpt_5_6_subagent_rowwise
WCLS10860,1,gpt_5_6_subagent_rowwise
WCLS10861,3,gpt_5_6_subagent_rowwise
WCLS10862,1,gpt_5_6_subagent_rowwise
WCLS10863,1,gpt_5_6_subagent_rowwise
WCLS10864,1,gpt_5_6_subagent_rowwise
WCLS10865,3,gpt_5_6_subagent_rowwise
WCLS10866,1,gpt_5_6_subagent_rowwise
WCLS10867,3,gpt_5_6_subagent_rowwise
WCLS10868,1,gpt_5_6_subagent_rowwise
WCLS10869,0,gpt_5_6_subagent_rowwise
WCLS10870,2,gpt_5_6_subagent_rowwise
WCLS10871,1,gpt_5_6_subagent_rowwise
WCLS10872,1,gpt_5_6_subagent_rowwise
WCLS10873,3,gpt_5_6_subagent_rowwise
WCLS10874,1,gpt_5_6_subagent_rowwise
WCLS10875,1,gpt_5_6_subagent_rowwise
WCLS10876,0,gpt_5_6_subagent_rowwise
WCLS10877,1,gpt_5_6_subagent_rowwise
WCLS10878,0,gpt_5_6_subagent_rowwise
WCLS10879,3,gpt_5_6_subagent_rowwise
WCLS10880,0,gpt_5_6_subagent_rowwise
WCLS10881,1,gpt_5_6_subagent_rowwise
WCLS10882,3,gpt_5_6_subagent_rowwise
WCLS10883,3,gpt_5_6_subagent_rowwise
WCLS10884,0,gpt_5_6_subagent_rowwise
WCLS10885,1,gpt_5_6_subagent_rowwise
WCLS10886,1,gpt_5_6_subagent_rowwise
WCLS10887,1,gpt_5_6_subagent_rowwise
WCLS10888,1,gpt_5_6_subagent_rowwise
WCLS10889,1,gpt_5_6_subagent_rowwise
WCLS10890,0,gpt_5_6_subagent_rowwise
WCLS10891,3,gpt_5_6_subagent_rowwise
WCLS10892,0,gpt_5_6_subagent_rowwise
WCLS10893,3,gpt_5_6_subagent_rowwise
WCLS10894,3,gpt_5_6_subagent_rowwise
WCLS10895,0,gpt_5_6_subagent_rowwise
WCLS10896,1,gpt_5_6_subagent_rowwise
WCLS10897,1,gpt_5_6_subagent_rowwise
WCLS10898,3,gpt_5_6_subagent_rowwise
WCLS10899,3,gpt_5_6_subagent_rowwise
WCLS10900,0,gpt_5_6_subagent_rowwise
WCLS10901,1,gpt_5_6_subagent_rowwise
WCLS10902,2,gpt_5_6_subagent_rowwise
WCLS10903,0,gpt_5_6_subagent_rowwise
WCLS10904,1,gpt_5_6_subagent_rowwise
WCLS10905,0,gpt_5_6_subagent_rowwise
WCLS10906,3,gpt_5_6_subagent_rowwise
WCLS10907,1,gpt_5_6_subagent_rowwise
WCLS10908,0,gpt_5_6_subagent_rowwise
WCLS10909,1,gpt_5_6_subagent_rowwise
WCLS10910,2,gpt_5_6_subagent_rowwise
WCLS10911,1,gpt_5_6_subagent_rowwise
WCLS10912,1,gpt_5_6_subagent_rowwise
WCLS10913,1,gpt_5_6_subagent_rowwise
WCLS10914,1,gpt_5_6_subagent_rowwise
WCLS10915,1,gpt_5_6_subagent_rowwise
WCLS10916,1,gpt_5_6_subagent_rowwise
WCLS10917,1,gpt_5_6_subagent_rowwise
WCLS10918,1,gpt_5_6_subagent_rowwise
WCLS10919,0,gpt_5_6_subagent_rowwise
WCLS10920,3,gpt_5_6_subagent_rowwise
WCLS10921,1,gpt_5_6_subagent_rowwise
WCLS10922,3,gpt_5_6_subagent_rowwise
WCLS10923,3,gpt_5_6_subagent_rowwise
WCLS10924,3,gpt_5_6_subagent_rowwise
WCLS10925,3,gpt_5_6_subagent_rowwise
WCLS10926,0,gpt_5_6_subagent_rowwise
WCLS10927,2,gpt_5_6_subagent_rowwise
WCLS10928,0,gpt_5_6_subagent_rowwise
WCLS10929,1,gpt_5_6_subagent_rowwise
WCLS10930,0,gpt_5_6_subagent_rowwise
WCLS10931,0,gpt_5_6_subagent_rowwise
WCLS10932,0,gpt_5_6_subagent_rowwise
WCLS10933,3,gpt_5_6_subagent_rowwise
WCLS10934,1,gpt_5_6_subagent_rowwise
WCLS10935,1,gpt_5_6_subagent_rowwise
WCLS10936,0,gpt_5_6_subagent_rowwise
WCLS10937,1,gpt_5_6_subagent_rowwise
WCLS10938,3,gpt_5_6_subagent_rowwise
WCLS10939,1,gpt_5_6_subagent_rowwise
WCLS10940,1,gpt_5_6_subagent_rowwise
WCLS10941,2,gpt_5_6_subagent_rowwise
WCLS10942,0,gpt_5_6_subagent_rowwise
WCLS10943,1,gpt_5_6_subagent_rowwise
WCLS10944,1,gpt_5_6_subagent_rowwise
WCLS10945,1,gpt_5_6_subagent_rowwise
WCLS10946,1,gpt_5_6_subagent_rowwise
WCLS10947,1,gpt_5_6_subagent_rowwise
WCLS10948,0,gpt_5_6_subagent_rowwise
WCLS10949,1,gpt_5_6_subagent_rowwise
WCLS10950,0,gpt_5_6_subagent_rowwise
WCLS10951,0,gpt_5_6_subagent_rowwise
WCLS10952,0,gpt_5_6_subagent_rowwise
WCLS10953,1,gpt_5_6_subagent_rowwise
WCLS10954,3,gpt_5_6_subagent_rowwise
WCLS10955,0,gpt_5_6_subagent_rowwise
WCLS10956,1,gpt_5_6_subagent_rowwise
WCLS10957,0,gpt_5_6_subagent_rowwise
WCLS10958,1,gpt_5_6_subagent_rowwise
WCLS10959,1,gpt_5_6_subagent_rowwise
WCLS10960,1,gpt_5_6_subagent_rowwise
WCLS10961,1,gpt_5_6_subagent_rowwise
WCLS10962,2,gpt_5_6_subagent_rowwise
WCLS10963,1,gpt_5_6_subagent_rowwise
WCLS10964,3,gpt_5_6_subagent_rowwise
WCLS10965,3,gpt_5_6_subagent_rowwise
WCLS10966,1,gpt_5_6_subagent_rowwise
WCLS10967,3,gpt_5_6_subagent_rowwise
WCLS10968,0,gpt_5_6_subagent_rowwise
WCLS10969,1,gpt_5_6_subagent_rowwise
WCLS10970,1,gpt_5_6_subagent_rowwise
WCLS10971,1,gpt_5_6_subagent_rowwise
WCLS10972,1,gpt_5_6_subagent_rowwise
WCLS10973,1,gpt_5_6_subagent_rowwise
WCLS10974,1,gpt_5_6_subagent_rowwise
WCLS10975,1,gpt_5_6_subagent_rowwise
WCLS10976,3,gpt_5_6_subagent_rowwise
WCLS10977,3,gpt_5_6_subagent_rowwise
WCLS10978,1,gpt_5_6_subagent_rowwise
WCLS10979,3,gpt_5_6_subagent_rowwise
WCLS10980,3,gpt_5_6_subagent_rowwise
WCLS10981,2,gpt_5_6_subagent_rowwise
WCLS10982,1,gpt_5_6_subagent_rowwise
WCLS10983,1,gpt_5_6_subagent_rowwise
WCLS10984,1,gpt_5_6_subagent_rowwise
WCLS10985,1,gpt_5_6_subagent_rowwise
WCLS10986,0,gpt_5_6_subagent_rowwise
WCLS10987,3,gpt_5_6_subagent_rowwise
WCLS10988,2,gpt_5_6_subagent_rowwise
WCLS10989,1,gpt_5_6_subagent_rowwise
WCLS10990,1,gpt_5_6_subagent_rowwise
WCLS10991,1,gpt_5_6_subagent_rowwise
WCLS10992,1,gpt_5_6_subagent_rowwise
WCLS10993,0,gpt_5_6_subagent_rowwise
WCLS10994,1,gpt_5_6_subagent_rowwise
WCLS10995,1,gpt_5_6_subagent_rowwise
WCLS10996,1,gpt_5_6_subagent_rowwise
WCLS10997,1,gpt_5_6_subagent_rowwise
WCLS10998,1,gpt_5_6_subagent_rowwise
WCLS10999,2,gpt_5_6_subagent_rowwise
WCLS11000,1,gpt_5_6_subagent_rowwise
WCLS11001,1,gpt_5_6_subagent_rowwise
WCLS11002,1,gpt_5_6_subagent_rowwise
WCLS11003,0,gpt_5_6_subagent_rowwise
WCLS11004,3,gpt_5_6_subagent_rowwise
WCLS11005,3,gpt_5_6_subagent_rowwise
WCLS11006,3,gpt_5_6_subagent_rowwise
WCLS11007,3,gpt_5_6_subagent_rowwise
WCLS11008,1,gpt_5_6_subagent_rowwise
WCLS11009,1,gpt_5_6_subagent_rowwise
WCLS11010,1,gpt_5_6_subagent_rowwise
WCLS11011,1,gpt_5_6_subagent_rowwise
WCLS11012,3,gpt_5_6_subagent_rowwise
WCLS11013,3,gpt_5_6_subagent_rowwise
WCLS11014,3,gpt_5_6_subagent_rowwise
WCLS11015,0,gpt_5_6_subagent_rowwise
WCLS11016,1,gpt_5_6_subagent_rowwise
WCLS11017,3,gpt_5_6_subagent_rowwise
WCLS11018,3,gpt_5_6_subagent_rowwise
WCLS11019,0,gpt_5_6_subagent_rowwise
WCLS11020,1,gpt_5_6_subagent_rowwise
WCLS11021,0,gpt_5_6_subagent_rowwise
WCLS11022,0,gpt_5_6_subagent_rowwise
WCLS11023,0,gpt_5_6_subagent_rowwise
WCLS11024,0,gpt_5_6_subagent_rowwise
WCLS11025,1,gpt_5_6_subagent_rowwise
WCLS11026,1,gpt_5_6_subagent_rowwise
WCLS11027,1,gpt_5_6_subagent_rowwise
WCLS11028,2,gpt_5_6_subagent_rowwise
WCLS11029,2,gpt_5_6_subagent_rowwise
WCLS11030,0,gpt_5_6_subagent_rowwise
WCLS11031,3,gpt_5_6_subagent_rowwise
WCLS11032,3,gpt_5_6_subagent_rowwise
WCLS11033,3,gpt_5_6_subagent_rowwise
WCLS11034,2,gpt_5_6_subagent_rowwise
WCLS11035,1,gpt_5_6_subagent_rowwise
WCLS11036,2,gpt_5_6_subagent_rowwise
WCLS11037,3,gpt_5_6_subagent_rowwise
WCLS11038,0,gpt_5_6_subagent_rowwise
WCLS11039,0,gpt_5_6_subagent_rowwise
WCLS11040,1,gpt_5_6_subagent_rowwise
WCLS11041,1,gpt_5_6_subagent_rowwise
WCLS11042,0,gpt_5_6_subagent_rowwise
WCLS11043,1,gpt_5_6_subagent_rowwise
WCLS11044,1,gpt_5_6_subagent_rowwise
WCLS11045,0,gpt_5_6_subagent_rowwise
WCLS11046,3,gpt_5_6_subagent_rowwise
WCLS11047,2,gpt_5_6_subagent_rowwise
WCLS11048,0,gpt_5_6_subagent_rowwise
WCLS11049,3,gpt_5_6_subagent_rowwise
WCLS11050,3,gpt_5_6_subagent_rowwise
WCLS11051,2,gpt_5_6_subagent_rowwise
WCLS11052,3,gpt_5_6_subagent_rowwise
WCLS11053,3,gpt_5_6_subagent_rowwise
WCLS11054,3,gpt_5_6_subagent_rowwise
WCLS11055,3,gpt_5_6_subagent_rowwise
WCLS11056,0,gpt_5_6_subagent_rowwise
WCLS11057,1,gpt_5_6_subagent_rowwise
WCLS11058,1,gpt_5_6_subagent_rowwise
WCLS11059,2,gpt_5_6_subagent_rowwise
WCLS11060,0,gpt_5_6_subagent_rowwise
WCLS11061,1,gpt_5_6_subagent_rowwise
WCLS11062,1,gpt_5_6_subagent_rowwise
WCLS11063,2,gpt_5_6_subagent_rowwise
WCLS11064,3,gpt_5_6_subagent_rowwise
WCLS11065,3,gpt_5_6_subagent_rowwise
WCLS11066,1,gpt_5_6_subagent_rowwise
WCLS11067,1,gpt_5_6_subagent_rowwise
WCLS11068,1,gpt_5_6_subagent_rowwise
WCLS11069,1,gpt_5_6_subagent_rowwise
WCLS11070,1,gpt_5_6_subagent_rowwise
WCLS11071,1,gpt_5_6_subagent_rowwise
WCLS11072,1,gpt_5_6_subagent_rowwise
WCLS11073,1,gpt_5_6_subagent_rowwise
WCLS11074,1,gpt_5_6_subagent_rowwise
WCLS11075,1,gpt_5_6_subagent_rowwise
WCLS11076,1,gpt_5_6_subagent_rowwise
WCLS11077,3,gpt_5_6_subagent_rowwise
WCLS11078,3,gpt_5_6_subagent_rowwise
WCLS11079,3,gpt_5_6_subagent_rowwise
WCLS11080,0,gpt_5_6_subagent_rowwise
WCLS11081,0,gpt_5_6_subagent_rowwise
WCLS11082,3,gpt_5_6_subagent_rowwise
WCLS11083,1,gpt_5_6_subagent_rowwise
WCLS11084,3,gpt_5_6_subagent_rowwise
WCLS11085,3,gpt_5_6_subagent_rowwise
WCLS11086,1,gpt_5_6_subagent_rowwise
WCLS11087,1,gpt_5_6_subagent_rowwise
WCLS11088,1,gpt_5_6_subagent_rowwise
WCLS11089,1,gpt_5_6_subagent_rowwise
WCLS11090,0,gpt_5_6_subagent_rowwise
WCLS11091,3,gpt_5_6_subagent_rowwise
WCLS11092,0,gpt_5_6_subagent_rowwise
WCLS11093,3,gpt_5_6_subagent_rowwise
WCLS11094,3,gpt_5_6_subagent_rowwise
WCLS11095,1,gpt_5_6_subagent_rowwise
WCLS11096,0,gpt_5_6_subagent_rowwise
WCLS11097,0,gpt_5_6_subagent_rowwise
WCLS11098,3,gpt_5_6_subagent_rowwise
WCLS11099,0,gpt_5_6_subagent_rowwise
WCLS11100,0,gpt_5_6_subagent_rowwise
WCLS11101,0,gpt_5_6_subagent_rowwise
WCLS11102,2,gpt_5_6_subagent_rowwise
WCLS11103,2,gpt_5_6_subagent_rowwise
WCLS11104,1,gpt_5_6_subagent_rowwise
WCLS11105,1,gpt_5_6_subagent_rowwise
WCLS11106,3,gpt_5_6_subagent_rowwise
WCLS11107,0,gpt_5_6_subagent_rowwise
WCLS11108,2,gpt_5_6_subagent_rowwise
WCLS11109,2,gpt_5_6_subagent_rowwise
WCLS11110,3,gpt_5_6_subagent_rowwise
WCLS11111,3,gpt_5_6_subagent_rowwise
WCLS11112,2,gpt_5_6_subagent_rowwise
WCLS11113,2,gpt_5_6_subagent_rowwise
WCLS11114,2,gpt_5_6_subagent_rowwise
WCLS11115,1,gpt_5_6_subagent_rowwise
WCLS11116,1,gpt_5_6_subagent_rowwise
WCLS11117,0,gpt_5_6_subagent_rowwise
WCLS11118,1,gpt_5_6_subagent_rowwise
WCLS11119,3,gpt_5_6_subagent_rowwise
WCLS11120,3,gpt_5_6_subagent_rowwise
WCLS11121,1,gpt_5_6_subagent_rowwise
WCLS11122,0,gpt_5_6_subagent_rowwise
WCLS11123,3,gpt_5_6_subagent_rowwise
WCLS11124,3,gpt_5_6_subagent_rowwise
WCLS11125,3,gpt_5_6_subagent_rowwise
WCLS11126,1,gpt_5_6_subagent_rowwise
WCLS11127,0,gpt_5_6_subagent_rowwise
WCLS11128,1,gpt_5_6_subagent_rowwise
WCLS11129,3,gpt_5_6_subagent_rowwise
WCLS11130,1,gpt_5_6_subagent_rowwise
WCLS11131,1,gpt_5_6_subagent_rowwise
WCLS11132,1,gpt_5_6_subagent_rowwise
WCLS11133,0,gpt_5_6_subagent_rowwise
WCLS11134,3,gpt_5_6_subagent_rowwise
WCLS11135,1,gpt_5_6_subagent_rowwise
WCLS11136,1,gpt_5_6_subagent_rowwise
WCLS11137,1,gpt_5_6_subagent_rowwise
WCLS11138,1,gpt_5_6_subagent_rowwise
WCLS11139,1,gpt_5_6_subagent_rowwise
WCLS11140,1,gpt_5_6_subagent_rowwise
WCLS11141,1,gpt_5_6_subagent_rowwise
WCLS11142,1,gpt_5_6_subagent_rowwise
WCLS11143,1,gpt_5_6_subagent_rowwise
WCLS11144,1,gpt_5_6_subagent_rowwise
WCLS11145,1,gpt_5_6_subagent_rowwise
WCLS11146,1,gpt_5_6_subagent_rowwise
WCLS11147,3,gpt_5_6_subagent_rowwise
WCLS11148,3,gpt_5_6_subagent_rowwise
WCLS11149,0,gpt_5_6_subagent_rowwise
WCLS11150,3,gpt_5_6_subagent_rowwise
WCLS11151,1,gpt_5_6_subagent_rowwise
WCLS11152,3,gpt_5_6_subagent_rowwise
WCLS11153,3,gpt_5_6_subagent_rowwise
WCLS11154,1,gpt_5_6_subagent_rowwise
WCLS11155,3,gpt_5_6_subagent_rowwise
WCLS11156,0,gpt_5_6_subagent_rowwise
WCLS11157,1,gpt_5_6_subagent_rowwise
WCLS11158,3,gpt_5_6_subagent_rowwise
WCLS11159,3,gpt_5_6_subagent_rowwise
WCLS11160,2,gpt_5_6_subagent_rowwise
WCLS11161,3,gpt_5_6_subagent_rowwise
WCLS11162,1,gpt_5_6_subagent_rowwise
WCLS11163,1,gpt_5_6_subagent_rowwise
WCLS11164,1,gpt_5_6_subagent_rowwise
WCLS11165,0,gpt_5_6_subagent_rowwise
WCLS11166,3,gpt_5_6_subagent_rowwise
WCLS11167,3,gpt_5_6_subagent_rowwise
WCLS11168,3,gpt_5_6_subagent_rowwise
WCLS11169,3,gpt_5_6_subagent_rowwise
WCLS11170,1,gpt_5_6_subagent_rowwise
WCLS11171,1,gpt_5_6_subagent_rowwise
WCLS11172,0,gpt_5_6_subagent_rowwise
WCLS11173,0,gpt_5_6_subagent_rowwise
WCLS11174,1,gpt_5_6_subagent_rowwise
WCLS11175,1,gpt_5_6_subagent_rowwise
WCLS11176,3,gpt_5_6_subagent_rowwise
WCLS11177,0,gpt_5_6_subagent_rowwise
WCLS11178,1,gpt_5_6_subagent_rowwise
WCLS11179,1,gpt_5_6_subagent_rowwise
WCLS11180,1,gpt_5_6_subagent_rowwise
WCLS11181,1,gpt_5_6_subagent_rowwise
WCLS11182,1,gpt_5_6_subagent_rowwise
WCLS11183,3,gpt_5_6_subagent_rowwise
WCLS11184,3,gpt_5_6_subagent_rowwise
WCLS11185,0,gpt_5_6_subagent_rowwise
WCLS11186,0,gpt_5_6_subagent_rowwise
WCLS11187,1,gpt_5_6_subagent_rowwise
WCLS11188,1,gpt_5_6_subagent_rowwise
WCLS11189,1,gpt_5_6_subagent_rowwise
WCLS11190,3,gpt_5_6_subagent_rowwise
WCLS11191,3,gpt_5_6_subagent_rowwise
WCLS11192,1,gpt_5_6_subagent_rowwise
WCLS11193,1,gpt_5_6_subagent_rowwise
WCLS11194,3,gpt_5_6_subagent_rowwise
WCLS11195,3,gpt_5_6_subagent_rowwise
WCLS11196,1,gpt_5_6_subagent_rowwise
WCLS11197,2,gpt_5_6_subagent_rowwise
WCLS11198,2,gpt_5_6_subagent_rowwise
WCLS11199,1,gpt_5_6_subagent_rowwise
WCLS11200,3,gpt_5_6_subagent_rowwise
WCLS11201,1,gpt_5_6_subagent_rowwise
WCLS11202,1,gpt_5_6_subagent_rowwise
WCLS11203,0,gpt_5_6_subagent_rowwise
WCLS11204,2,gpt_5_6_subagent_rowwise
WCLS11205,3,gpt_5_6_subagent_rowwise
WCLS11206,1,gpt_5_6_subagent_rowwise
WCLS11207,1,gpt_5_6_subagent_rowwise
WCLS11208,3,gpt_5_6_subagent_rowwise
WCLS11209,1,gpt_5_6_subagent_rowwise
WCLS11210,1,gpt_5_6_subagent_rowwise
WCLS11211,0,gpt_5_6_subagent_rowwise
WCLS11212,0,gpt_5_6_subagent_rowwise
WCLS11213,2,gpt_5_6_subagent_rowwise
WCLS11214,1,gpt_5_6_subagent_rowwise
WCLS11215,3,gpt_5_6_subagent_rowwise
WCLS11216,0,gpt_5_6_subagent_rowwise
WCLS11217,2,gpt_5_6_subagent_rowwise
WCLS11218,0,gpt_5_6_subagent_rowwise
WCLS11219,1,gpt_5_6_subagent_rowwise
WCLS11220,2,gpt_5_6_subagent_rowwise
WCLS11221,1,gpt_5_6_subagent_rowwise
WCLS11222,1,gpt_5_6_subagent_rowwise
WCLS11223,3,gpt_5_6_subagent_rowwise
WCLS11224,3,gpt_5_6_subagent_rowwise
WCLS11225,1,gpt_5_6_subagent_rowwise
WCLS11226,0,gpt_5_6_subagent_rowwise
WCLS11227,1,gpt_5_6_subagent_rowwise
WCLS11228,2,gpt_5_6_subagent_rowwise
WCLS11229,0,gpt_5_6_subagent_rowwise
WCLS11230,3,gpt_5_6_subagent_rowwise
WCLS11231,0,gpt_5_6_subagent_rowwise
WCLS11232,3,gpt_5_6_subagent_rowwise
WCLS11233,3,gpt_5_6_subagent_rowwise
WCLS11234,0,gpt_5_6_subagent_rowwise
WCLS11235,0,gpt_5_6_subagent_rowwise
WCLS11236,3,gpt_5_6_subagent_rowwise
WCLS11237,1,gpt_5_6_subagent_rowwise
WCLS11238,3,gpt_5_6_subagent_rowwise
WCLS11239,0,gpt_5_6_subagent_rowwise
WCLS11240,1,gpt_5_6_subagent_rowwise
WCLS11241,1,gpt_5_6_subagent_rowwise
WCLS11242,1,gpt_5_6_subagent_rowwise
WCLS11243,1,gpt_5_6_subagent_rowwise
WCLS11244,1,gpt_5_6_subagent_rowwise
WCLS11245,3,gpt_5_6_subagent_rowwise
WCLS11246,1,gpt_5_6_subagent_rowwise
WCLS11247,1,gpt_5_6_subagent_rowwise
WCLS11248,1,gpt_5_6_subagent_rowwise
WCLS11249,3,gpt_5_6_subagent_rowwise
WCLS11250,1,gpt_5_6_subagent_rowwise
WCLS11251,0,gpt_5_6_subagent_rowwise
WCLS11252,1,gpt_5_6_subagent_rowwise
WCLS11253,3,gpt_5_6_subagent_rowwise
WCLS11254,0,gpt_5_6_subagent_rowwise
WCLS11255,0,gpt_5_6_subagent_rowwise
WCLS11256,1,gpt_5_6_subagent_rowwise
WCLS11257,3,gpt_5_6_subagent_rowwise
WCLS11258,0,gpt_5_6_subagent_rowwise
WCLS11259,3,gpt_5_6_subagent_rowwise
WCLS11260,0,gpt_5_6_subagent_rowwise
WCLS11261,1,gpt_5_6_subagent_rowwise
WCLS11262,1,gpt_5_6_subagent_rowwise
WCLS11263,0,gpt_5_6_subagent_rowwise
WCLS11264,3,gpt_5_6_subagent_rowwise
WCLS11265,1,gpt_5_6_subagent_rowwise
WCLS11266,1,gpt_5_6_subagent_rowwise
WCLS11267,3,gpt_5_6_subagent_rowwise
WCLS11268,0,gpt_5_6_subagent_rowwise
WCLS11269,1,gpt_5_6_subagent_rowwise
WCLS11270,0,gpt_5_6_subagent_rowwise
WCLS11271,0,gpt_5_6_subagent_rowwise
WCLS11272,3,gpt_5_6_subagent_rowwise
WCLS11273,3,gpt_5_6_subagent_rowwise
WCLS11274,1,gpt_5_6_subagent_rowwise
WCLS11275,1,gpt_5_6_subagent_rowwise
WCLS11276,3,gpt_5_6_subagent_rowwise
WCLS11277,1,gpt_5_6_subagent_rowwise
WCLS11278,1,gpt_5_6_subagent_rowwise
WCLS11279,1,gpt_5_6_subagent_rowwise
WCLS11280,1,gpt_5_6_subagent_rowwise
WCLS11281,0,gpt_5_6_subagent_rowwise
WCLS11282,0,gpt_5_6_subagent_rowwise
WCLS11283,0,gpt_5_6_subagent_rowwise
WCLS11284,1,gpt_5_6_subagent_rowwise
WCLS11285,1,gpt_5_6_subagent_rowwise
WCLS11286,0,gpt_5_6_subagent_rowwise
WCLS11287,0,gpt_5_6_subagent_rowwise
WCLS11288,3,gpt_5_6_subagent_rowwise
WCLS11289,3,gpt_5_6_subagent_rowwise
WCLS11290,0,gpt_5_6_subagent_rowwise
WCLS11291,3,gpt_5_6_subagent_rowwise
WCLS11292,1,gpt_5_6_subagent_rowwise
WCLS11293,1,gpt_5_6_subagent_rowwise
WCLS11294,1,gpt_5_6_subagent_rowwise
WCLS11295,3,gpt_5_6_subagent_rowwise
WCLS11296,0,gpt_5_6_subagent_rowwise
WCLS11297,0,gpt_5_6_subagent_rowwise
WCLS11298,0,gpt_5_6_subagent_rowwise
WCLS11299,0,gpt_5_6_subagent_rowwise
WCLS11300,0,gpt_5_6_subagent_rowwise
WCLS11301,0,gpt_5_6_subagent_rowwise
WCLS11302,0,gpt_5_6_subagent_rowwise
WCLS11303,3,gpt_5_6_subagent_rowwise
WCLS11304,3,gpt_5_6_subagent_rowwise
WCLS11305,3,gpt_5_6_subagent_rowwise
WCLS11306,0,gpt_5_6_subagent_rowwise
WCLS11307,3,gpt_5_6_subagent_rowwise
WCLS11308,1,gpt_5_6_subagent_rowwise
WCLS11309,1,gpt_5_6_subagent_rowwise
WCLS11310,1,gpt_5_6_subagent_rowwise
WCLS11311,0,gpt_5_6_subagent_rowwise
WCLS11312,3,gpt_5_6_subagent_rowwise
WCLS11313,1,gpt_5_6_subagent_rowwise
WCLS11314,0,gpt_5_6_subagent_rowwise
WCLS11315,3,gpt_5_6_subagent_rowwise
WCLS11316,1,gpt_5_6_subagent_rowwise
WCLS11317,2,gpt_5_6_subagent_rowwise
WCLS11318,0,gpt_5_6_subagent_rowwise
WCLS11319,0,gpt_5_6_subagent_rowwise
WCLS11320,1,gpt_5_6_subagent_rowwise
WCLS11321,3,gpt_5_6_subagent_rowwise
WCLS11322,1,gpt_5_6_subagent_rowwise
WCLS11323,0,gpt_5_6_subagent_rowwise
WCLS11324,1,gpt_5_6_subagent_rowwise
WCLS11325,1,gpt_5_6_subagent_rowwise
WCLS11326,3,gpt_5_6_subagent_rowwise
WCLS11327,1,gpt_5_6_subagent_rowwise
WCLS11328,3,gpt_5_6_subagent_rowwise
WCLS11329,1,gpt_5_6_subagent_rowwise
WCLS11330,0,gpt_5_6_subagent_rowwise
WCLS11331,1,gpt_5_6_subagent_rowwise
WCLS11332,0,gpt_5_6_subagent_rowwise
WCLS11333,3,gpt_5_6_subagent_rowwise
WCLS11334,0,gpt_5_6_subagent_rowwise
WCLS11335,0,gpt_5_6_subagent_rowwise
WCLS11336,0,gpt_5_6_subagent_rowwise
WCLS11337,0,gpt_5_6_subagent_rowwise
WCLS11338,1,gpt_5_6_subagent_rowwise
WCLS11339,0,gpt_5_6_subagent_rowwise
WCLS11340,0,gpt_5_6_subagent_rowwise
WCLS11341,0,gpt_5_6_subagent_rowwise
WCLS11342,1,gpt_5_6_subagent_rowwise
WCLS11343,1,gpt_5_6_subagent_rowwise
WCLS11344,1,gpt_5_6_subagent_rowwise
WCLS11345,3,gpt_5_6_subagent_rowwise
WCLS11346,3,gpt_5_6_subagent_rowwise
WCLS11347,3,gpt_5_6_subagent_rowwise
WCLS11348,0,gpt_5_6_subagent_rowwise
WCLS11349,1,gpt_5_6_subagent_rowwise
WCLS11350,1,gpt_5_6_subagent_rowwise
WCLS11351,1,gpt_5_6_subagent_rowwise
WCLS11352,1,gpt_5_6_subagent_rowwise
WCLS11353,1,gpt_5_6_subagent_rowwise
WCLS11354,1,gpt_5_6_subagent_rowwise
WCLS11355,1,gpt_5_6_subagent_rowwise
WCLS11356,0,gpt_5_6_subagent_rowwise
WCLS11357,3,gpt_5_6_subagent_rowwise
WCLS11358,2,gpt_5_6_subagent_rowwise
WCLS11359,1,gpt_5_6_subagent_rowwise
WCLS11360,3,gpt_5_6_subagent_rowwise
WCLS11361,0,gpt_5_6_subagent_rowwise
WCLS11362,1,gpt_5_6_subagent_rowwise
WCLS11363,1,gpt_5_6_subagent_rowwise
WCLS11364,1,gpt_5_6_subagent_rowwise
WCLS11365,1,gpt_5_6_subagent_rowwise
WCLS11366,1,gpt_5_6_subagent_rowwise
WCLS11367,1,gpt_5_6_subagent_rowwise
WCLS11368,1,gpt_5_6_subagent_rowwise
WCLS11369,1,gpt_5_6_subagent_rowwise
WCLS11370,1,gpt_5_6_subagent_rowwise
WCLS11371,2,gpt_5_6_subagent_rowwise
WCLS11372,0,gpt_5_6_subagent_rowwise
WCLS11373,3,gpt_5_6_subagent_rowwise
WCLS11374,3,gpt_5_6_subagent_rowwise
WCLS11375,3,gpt_5_6_subagent_rowwise
WCLS11376,3,gpt_5_6_subagent_rowwise
WCLS11377,3,gpt_5_6_subagent_rowwise
WCLS11378,3,gpt_5_6_subagent_rowwise
WCLS11379,2,gpt_5_6_subagent_rowwise
WCLS11380,3,gpt_5_6_subagent_rowwise
WCLS11381,1,gpt_5_6_subagent_rowwise
WCLS11382,0,gpt_5_6_subagent_rowwise
WCLS11383,0,gpt_5_6_subagent_rowwise
WCLS11384,1,gpt_5_6_subagent_rowwise
WCLS11385,3,gpt_5_6_subagent_rowwise
WCLS11386,0,gpt_5_6_subagent_rowwise
WCLS11387,1,gpt_5_6_subagent_rowwise
WCLS11388,0,gpt_5_6_subagent_rowwise
WCLS11389,3,gpt_5_6_subagent_rowwise
WCLS11390,3,gpt_5_6_subagent_rowwise
WCLS11391,2,gpt_5_6_subagent_rowwise
WCLS11392,1,gpt_5_6_subagent_rowwise
WCLS11393,1,gpt_5_6_subagent_rowwise
WCLS11394,1,gpt_5_6_subagent_rowwise
WCLS11395,3,gpt_5_6_subagent_rowwise
WCLS11396,0,gpt_5_6_subagent_rowwise
WCLS11397,0,gpt_5_6_subagent_rowwise
WCLS11398,1,gpt_5_6_subagent_rowwise
WCLS11399,1,gpt_5_6_subagent_rowwise
WCLS11400,1,gpt_5_6_subagent_rowwise
WCLS11401,3,gpt_5_6_subagent_rowwise
WCLS11402,2,gpt_5_6_subagent_rowwise
WCLS11403,1,gpt_5_6_subagent_rowwise
WCLS11404,1,gpt_5_6_subagent_rowwise
WCLS11405,1,gpt_5_6_subagent_rowwise
WCLS11406,3,gpt_5_6_subagent_rowwise
WCLS11407,0,gpt_5_6_subagent_rowwise
WCLS11408,2,gpt_5_6_subagent_rowwise
WCLS11409,3,gpt_5_6_subagent_rowwise
WCLS11410,1,gpt_5_6_subagent_rowwise
WCLS11411,3,gpt_5_6_subagent_rowwise
WCLS11412,1,gpt_5_6_subagent_rowwise
WCLS11413,0,gpt_5_6_subagent_rowwise
WCLS11414,3,gpt_5_6_subagent_rowwise
WCLS11415,0,gpt_5_6_subagent_rowwise
WCLS11416,3,gpt_5_6_subagent_rowwise
WCLS11417,3,gpt_5_6_subagent_rowwise
WCLS11418,1,gpt_5_6_subagent_rowwise
WCLS11419,3,gpt_5_6_subagent_rowwise
WCLS11420,3,gpt_5_6_subagent_rowwise
WCLS11421,1,gpt_5_6_subagent_rowwise
WCLS11422,1,gpt_5_6_subagent_rowwise
WCLS11423,0,gpt_5_6_subagent_rowwise
WCLS11424,3,gpt_5_6_subagent_rowwise
WCLS11425,2,gpt_5_6_subagent_rowwise
WCLS11426,1,gpt_5_6_subagent_rowwise
WCLS11427,1,gpt_5_6_subagent_rowwise
WCLS11428,1,gpt_5_6_subagent_rowwise
WCLS11429,1,gpt_5_6_subagent_rowwise
WCLS11430,1,gpt_5_6_subagent_rowwise
WCLS11431,0,gpt_5_6_subagent_rowwise
WCLS11432,0,gpt_5_6_subagent_rowwise
WCLS11433,1,gpt_5_6_subagent_rowwise
WCLS11434,1,gpt_5_6_subagent_rowwise
WCLS11435,1,gpt_5_6_subagent_rowwise
WCLS11436,1,gpt_5_6_subagent_rowwise
WCLS11437,0,gpt_5_6_subagent_rowwise
WCLS11438,0,gpt_5_6_subagent_rowwise
WCLS11439,2,gpt_5_6_subagent_rowwise
WCLS11440,3,gpt_5_6_subagent_rowwise
WCLS11441,1,gpt_5_6_subagent_rowwise
WCLS11442,1,gpt_5_6_subagent_rowwise
WCLS11443,1,gpt_5_6_subagent_rowwise
WCLS11444,0,gpt_5_6_subagent_rowwise
WCLS11445,0,gpt_5_6_subagent_rowwise
WCLS11446,1,gpt_5_6_subagent_rowwise
WCLS11447,3,gpt_5_6_subagent_rowwise
WCLS11448,3,gpt_5_6_subagent_rowwise
WCLS11449,0,gpt_5_6_subagent_rowwise
WCLS11450,1,gpt_5_6_subagent_rowwise
WCLS11451,1,gpt_5_6_subagent_rowwise
WCLS11452,1,gpt_5_6_subagent_rowwise
WCLS11453,0,gpt_5_6_subagent_rowwise
WCLS11454,3,gpt_5_6_subagent_rowwise
WCLS11455,2,gpt_5_6_subagent_rowwise
WCLS11456,1,gpt_5_6_subagent_rowwise
WCLS11457,1,gpt_5_6_subagent_rowwise
WCLS11458,1,gpt_5_6_subagent_rowwise
WCLS11459,3,gpt_5_6_subagent_rowwise
WCLS11460,3,gpt_5_6_subagent_rowwise
WCLS11461,1,gpt_5_6_subagent_rowwise
WCLS11462,1,gpt_5_6_subagent_rowwise
WCLS11463,1,gpt_5_6_subagent_rowwise
WCLS11464,3,gpt_5_6_subagent_rowwise
WCLS11465,0,gpt_5_6_subagent_rowwise
WCLS11466,3,gpt_5_6_subagent_rowwise
WCLS11467,1,gpt_5_6_subagent_rowwise
WCLS11468,1,gpt_5_6_subagent_rowwise
WCLS11469,0,gpt_5_6_subagent_rowwise
WCLS11470,1,gpt_5_6_subagent_rowwise
WCLS11471,1,gpt_5_6_subagent_rowwise
WCLS11472,1,gpt_5_6_subagent_rowwise
WCLS11473,0,gpt_5_6_subagent_rowwise
WCLS11474,1,gpt_5_6_subagent_rowwise
WCLS11475,0,gpt_5_6_subagent_rowwise
WCLS11476,1,gpt_5_6_subagent_rowwise
WCLS11477,0,gpt_5_6_subagent_rowwise
WCLS11478,1,gpt_5_6_subagent_rowwise
WCLS11479,0,gpt_5_6_subagent_rowwise
WCLS11480,0,gpt_5_6_subagent_rowwise
WCLS11481,1,gpt_5_6_subagent_rowwise
WCLS11482,3,gpt_5_6_subagent_rowwise
WCLS11483,3,gpt_5_6_subagent_rowwise
WCLS11484,0,gpt_5_6_subagent_rowwise
WCLS11485,1,gpt_5_6_subagent_rowwise
WCLS11486,1,gpt_5_6_subagent_rowwise
WCLS11487,1,gpt_5_6_subagent_rowwise
WCLS11488,1,gpt_5_6_subagent_rowwise
WCLS11489,0,gpt_5_6_subagent_rowwise
WCLS11490,0,gpt_5_6_subagent_rowwise
WCLS11491,0,gpt_5_6_subagent_rowwise
WCLS11492,1,gpt_5_6_subagent_rowwise
WCLS11493,3,gpt_5_6_subagent_rowwise
WCLS11494,3,gpt_5_6_subagent_rowwise
WCLS11495,1,gpt_5_6_subagent_rowwise
WCLS11496,0,gpt_5_6_subagent_rowwise
WCLS11497,0,gpt_5_6_subagent_rowwise
WCLS11498,0,gpt_5_6_subagent_rowwise
WCLS11499,1,gpt_5_6_subagent_rowwise
WCLS11500,0,gpt_5_6_subagent_rowwise
WCLS11501,0,gpt_5_6_subagent_rowwise
WCLS11502,0,gpt_5_6_subagent_rowwise
WCLS11503,0,gpt_5_6_subagent_rowwise
WCLS11504,0,gpt_5_6_subagent_rowwise
WCLS11505,0,gpt_5_6_subagent_rowwise
WCLS11506,0,gpt_5_6_subagent_rowwise
WCLS11507,0,gpt_5_6_subagent_rowwise
WCLS11508,0,gpt_5_6_subagent_rowwise
WCLS11509,1,gpt_5_6_subagent_rowwise
WCLS11510,3,gpt_5_6_subagent_rowwise
WCLS11511,0,gpt_5_6_subagent_rowwise
WCLS11512,1,gpt_5_6_subagent_rowwise
WCLS11513,0,gpt_5_6_subagent_rowwise
WCLS11514,2,gpt_5_6_subagent_rowwise
WCLS11515,3,gpt_5_6_subagent_rowwise
WCLS11516,3,gpt_5_6_subagent_rowwise
WCLS11517,3,gpt_5_6_subagent_rowwise
WCLS11518,3,gpt_5_6_subagent_rowwise
WCLS11519,0,gpt_5_6_subagent_rowwise
WCLS11520,0,gpt_5_6_subagent_rowwise
WCLS11521,1,gpt_5_6_subagent_rowwise
WCLS11522,0,gpt_5_6_subagent_rowwise
WCLS11523,0,gpt_5_6_subagent_rowwise
WCLS11524,0,gpt_5_6_subagent_rowwise
WCLS11525,2,gpt_5_6_subagent_rowwise
WCLS11526,0,gpt_5_6_subagent_rowwise
WCLS11527,0,gpt_5_6_subagent_rowwise
WCLS11528,3,gpt_5_6_subagent_rowwise
WCLS11529,0,gpt_5_6_subagent_rowwise
WCLS11530,0,gpt_5_6_subagent_rowwise
WCLS11531,0,gpt_5_6_subagent_rowwise
WCLS11532,0,gpt_5_6_subagent_rowwise
WCLS11533,2,gpt_5_6_subagent_rowwise
WCLS11534,0,gpt_5_6_subagent_rowwise
WCLS11535,2,gpt_5_6_subagent_rowwise
WCLS11536,0,gpt_5_6_subagent_rowwise
WCLS11537,3,gpt_5_6_subagent_rowwise
WCLS11538,3,gpt_5_6_subagent_rowwise
WCLS11539,3,gpt_5_6_subagent_rowwise
WCLS11540,3,gpt_5_6_subagent_rowwise
WCLS11541,3,gpt_5_6_subagent_rowwise
WCLS11542,1,gpt_5_6_subagent_rowwise
WCLS11543,3,gpt_5_6_subagent_rowwise
WCLS11544,1,gpt_5_6_subagent_rowwise
WCLS11545,3,gpt_5_6_subagent_rowwise
WCLS11546,0,gpt_5_6_subagent_rowwise
WCLS11547,1,gpt_5_6_subagent_rowwise
WCLS11548,2,gpt_5_6_subagent_rowwise
WCLS11549,3,gpt_5_6_subagent_rowwise
WCLS11550,1,gpt_5_6_subagent_rowwise
WCLS11551,1,gpt_5_6_subagent_rowwise
WCLS11552,3,gpt_5_6_subagent_rowwise
WCLS11553,1,gpt_5_6_subagent_rowwise
WCLS11554,0,gpt_5_6_subagent_rowwise
WCLS11555,0,gpt_5_6_subagent_rowwise
WCLS11556,1,gpt_5_6_subagent_rowwise
WCLS11557,3,gpt_5_6_subagent_rowwise
WCLS11558,1,gpt_5_6_subagent_rowwise
WCLS11559,1,gpt_5_6_subagent_rowwise
WCLS11560,0,gpt_5_6_subagent_rowwise
WCLS11561,3,gpt_5_6_subagent_rowwise
WCLS11562,1,gpt_5_6_subagent_rowwise
WCLS11563,1,gpt_5_6_subagent_rowwise
WCLS11564,1,gpt_5_6_subagent_rowwise
WCLS11565,3,gpt_5_6_subagent_rowwise
WCLS11566,1,gpt_5_6_subagent_rowwise
WCLS11567,0,gpt_5_6_subagent_rowwise
WCLS11568,3,gpt_5_6_subagent_rowwise
WCLS11569,1,gpt_5_6_subagent_rowwise
WCLS11570,3,gpt_5_6_subagent_rowwise
WCLS11571,1,gpt_5_6_subagent_rowwise
WCLS11572,1,gpt_5_6_subagent_rowwise
WCLS11573,1,gpt_5_6_subagent_rowwise
WCLS11574,1,gpt_5_6_subagent_rowwise
WCLS11575,1,gpt_5_6_subagent_rowwise
WCLS11576,3,gpt_5_6_subagent_rowwise
WCLS11577,1,gpt_5_6_subagent_rowwise
WCLS11578,3,gpt_5_6_subagent_rowwise
WCLS11579,0,gpt_5_6_subagent_rowwise
WCLS11580,1,gpt_5_6_subagent_rowwise
WCLS11581,3,gpt_5_6_subagent_rowwise
WCLS11582,0,gpt_5_6_subagent_rowwise
WCLS11583,1,gpt_5_6_subagent_rowwise
WCLS11584,2,gpt_5_6_subagent_rowwise
WCLS11585,2,gpt_5_6_subagent_rowwise
WCLS11586,3,gpt_5_6_subagent_rowwise
WCLS11587,1,gpt_5_6_subagent_rowwise
WCLS11588,0,gpt_5_6_subagent_rowwise
WCLS11589,0,gpt_5_6_subagent_rowwise
WCLS11590,3,gpt_5_6_subagent_rowwise
WCLS11591,3,gpt_5_6_subagent_rowwise
WCLS11592,1,gpt_5_6_subagent_rowwise
WCLS11593,2,gpt_5_6_subagent_rowwise
WCLS11594,0,gpt_5_6_subagent_rowwise
WCLS11595,3,gpt_5_6_subagent_rowwise
WCLS11596,2,gpt_5_6_subagent_rowwise
WCLS11597,1,gpt_5_6_subagent_rowwise
WCLS11598,3,gpt_5_6_subagent_rowwise
WCLS11599,1,gpt_5_6_subagent_rowwise
WCLS11600,1,gpt_5_6_subagent_rowwise
WCLS11601,3,gpt_5_6_subagent_rowwise
WCLS11602,3,gpt_5_6_subagent_rowwise
WCLS11603,0,gpt_5_6_subagent_rowwise
WCLS11604,1,gpt_5_6_subagent_rowwise
WCLS11605,1,gpt_5_6_subagent_rowwise
WCLS11606,1,gpt_5_6_subagent_rowwise
WCLS11607,0,gpt_5_6_subagent_rowwise
WCLS11608,0,gpt_5_6_subagent_rowwise
WCLS11609,1,gpt_5_6_subagent_rowwise
WCLS11610,1,gpt_5_6_subagent_rowwise
WCLS11611,1,gpt_5_6_subagent_rowwise
WCLS11612,1,gpt_5_6_subagent_rowwise
WCLS11613,3,gpt_5_6_subagent_rowwise
WCLS11614,3,gpt_5_6_subagent_rowwise
WCLS11615,1,gpt_5_6_subagent_rowwise
WCLS11616,0,gpt_5_6_subagent_rowwise
WCLS11617,1,gpt_5_6_subagent_rowwise
WCLS11618,1,gpt_5_6_subagent_rowwise
WCLS11619,1,gpt_5_6_subagent_rowwise
WCLS11620,0,gpt_5_6_subagent_rowwise
WCLS11621,1,gpt_5_6_subagent_rowwise
WCLS11622,1,gpt_5_6_subagent_rowwise
WCLS11623,1,gpt_5_6_subagent_rowwise
WCLS11624,3,gpt_5_6_subagent_rowwise
WCLS11625,1,gpt_5_6_subagent_rowwise
WCLS11626,2,gpt_5_6_subagent_rowwise
WCLS11627,0,gpt_5_6_subagent_rowwise
WCLS11628,1,gpt_5_6_subagent_rowwise
WCLS11629,0,gpt_5_6_subagent_rowwise
WCLS11630,0,gpt_5_6_subagent_rowwise
WCLS11631,2,gpt_5_6_subagent_rowwise
WCLS11632,3,gpt_5_6_subagent_rowwise
WCLS11633,0,gpt_5_6_subagent_rowwise
WCLS11634,1,gpt_5_6_subagent_rowwise
WCLS11635,1,gpt_5_6_subagent_rowwise
WCLS11636,1,gpt_5_6_subagent_rowwise
WCLS11637,1,gpt_5_6_subagent_rowwise
WCLS11638,3,gpt_5_6_subagent_rowwise
WCLS11639,0,gpt_5_6_subagent_rowwise
WCLS11640,0,gpt_5_6_subagent_rowwise
WCLS11641,1,gpt_5_6_subagent_rowwise
WCLS11642,1,gpt_5_6_subagent_rowwise
WCLS11643,3,gpt_5_6_subagent_rowwise
WCLS11644,3,gpt_5_6_subagent_rowwise
WCLS11645,0,gpt_5_6_subagent_rowwise
WCLS11646,3,gpt_5_6_subagent_rowwise
WCLS11647,1,gpt_5_6_subagent_rowwise
WCLS11648,3,gpt_5_6_subagent_rowwise
WCLS11649,3,gpt_5_6_subagent_rowwise
WCLS11650,1,gpt_5_6_subagent_rowwise
WCLS11651,0,gpt_5_6_subagent_rowwise
WCLS11652,1,gpt_5_6_subagent_rowwise
WCLS11653,1,gpt_5_6_subagent_rowwise
WCLS11654,1,gpt_5_6_subagent_rowwise
WCLS11655,3,gpt_5_6_subagent_rowwise
WCLS11656,1,gpt_5_6_subagent_rowwise
WCLS11657,1,gpt_5_6_subagent_rowwise
WCLS11658,3,gpt_5_6_subagent_rowwise
WCLS11659,0,gpt_5_6_subagent_rowwise
WCLS11660,1,gpt_5_6_subagent_rowwise
WCLS11661,1,gpt_5_6_subagent_rowwise
WCLS11662,1,gpt_5_6_subagent_rowwise
WCLS11663,1,gpt_5_6_subagent_rowwise
WCLS11664,1,gpt_5_6_subagent_rowwise
WCLS11665,1,gpt_5_6_subagent_rowwise
WCLS11666,1,gpt_5_6_subagent_rowwise
WCLS11667,0,gpt_5_6_subagent_rowwise
WCLS11668,3,gpt_5_6_subagent_rowwise
WCLS11669,0,gpt_5_6_subagent_rowwise
WCLS11670,2,gpt_5_6_subagent_rowwise
WCLS11671,1,gpt_5_6_subagent_rowwise
WCLS11672,1,gpt_5_6_subagent_rowwise
WCLS11673,1,gpt_5_6_subagent_rowwise
WCLS11674,1,gpt_5_6_subagent_rowwise
WCLS11675,1,gpt_5_6_subagent_rowwise
WCLS11676,3,gpt_5_6_subagent_rowwise
WCLS11677,1,gpt_5_6_subagent_rowwise
WCLS11678,1,gpt_5_6_subagent_rowwise
WCLS11679,1,gpt_5_6_subagent_rowwise
WCLS11680,0,gpt_5_6_subagent_rowwise
WCLS11681,1,gpt_5_6_subagent_rowwise
WCLS11682,1,gpt_5_6_subagent_rowwise
WCLS11683,0,gpt_5_6_subagent_rowwise
WCLS11684,1,gpt_5_6_subagent_rowwise
WCLS11685,0,gpt_5_6_subagent_rowwise
WCLS11686,0,gpt_5_6_subagent_rowwise
WCLS11687,1,gpt_5_6_subagent_rowwise
WCLS11688,3,gpt_5_6_subagent_rowwise
WCLS11689,0,gpt_5_6_subagent_rowwise
WCLS11690,1,gpt_5_6_subagent_rowwise
WCLS11691,0,gpt_5_6_subagent_rowwise
WCLS11692,1,gpt_5_6_subagent_rowwise
WCLS11693,1,gpt_5_6_subagent_rowwise
WCLS11694,0,gpt_5_6_subagent_rowwise
WCLS11695,1,gpt_5_6_subagent_rowwise
WCLS11696,0,gpt_5_6_subagent_rowwise
WCLS11697,0,gpt_5_6_subagent_rowwise
WCLS11698,1,gpt_5_6_subagent_rowwise
WCLS11699,1,gpt_5_6_subagent_rowwise
WCLS11700,1,gpt_5_6_subagent_rowwise
WCLS11701,1,gpt_5_6_subagent_rowwise
WCLS11702,1,gpt_5_6_subagent_rowwise
WCLS11703,0,gpt_5_6_subagent_rowwise
WCLS11704,3,gpt_5_6_subagent_rowwise
WCLS11705,0,gpt_5_6_subagent_rowwise
WCLS11706,1,gpt_5_6_subagent_rowwise
WCLS11707,1,gpt_5_6_subagent_rowwise
WCLS11708,3,gpt_5_6_subagent_rowwise
WCLS11709,0,gpt_5_6_subagent_rowwise
WCLS11710,1,gpt_5_6_subagent_rowwise
WCLS11711,1,gpt_5_6_subagent_rowwise
WCLS11712,1,gpt_5_6_subagent_rowwise
WCLS11713,0,gpt_5_6_subagent_rowwise
WCLS11714,3,gpt_5_6_subagent_rowwise
WCLS11715,3,gpt_5_6_subagent_rowwise
WCLS11716,1,gpt_5_6_subagent_rowwise
WCLS11717,1,gpt_5_6_subagent_rowwise
WCLS11718,1,gpt_5_6_subagent_rowwise
WCLS11719,0,gpt_5_6_subagent_rowwise
WCLS11720,3,gpt_5_6_subagent_rowwise
WCLS11721,1,gpt_5_6_subagent_rowwise
WCLS11722,2,gpt_5_6_subagent_rowwise
WCLS11723,1,gpt_5_6_subagent_rowwise
WCLS11724,3,gpt_5_6_subagent_rowwise
WCLS11725,1,gpt_5_6_subagent_rowwise
WCLS11726,1,gpt_5_6_subagent_rowwise
WCLS11727,1,gpt_5_6_subagent_rowwise
WCLS11728,1,gpt_5_6_subagent_rowwise
WCLS11729,1,gpt_5_6_subagent_rowwise
WCLS11730,2,gpt_5_6_subagent_rowwise
WCLS11731,3,gpt_5_6_subagent_rowwise
WCLS11732,0,gpt_5_6_subagent_rowwise
WCLS11733,3,gpt_5_6_subagent_rowwise
WCLS11734,2,gpt_5_6_subagent_rowwise
WCLS11735,0,gpt_5_6_subagent_rowwise
WCLS11736,1,gpt_5_6_subagent_rowwise
WCLS11737,0,gpt_5_6_subagent_rowwise
WCLS11738,1,gpt_5_6_subagent_rowwise
WCLS11739,1,gpt_5_6_subagent_rowwise
WCLS11740,0,gpt_5_6_subagent_rowwise
WCLS11741,0,gpt_5_6_subagent_rowwise
WCLS11742,3,gpt_5_6_subagent_rowwise
WCLS11743,1,gpt_5_6_subagent_rowwise
WCLS11744,2,gpt_5_6_subagent_rowwise
WCLS11745,1,gpt_5_6_subagent_rowwise
WCLS11746,2,gpt_5_6_subagent_rowwise
WCLS11747,3,gpt_5_6_subagent_rowwise
WCLS11748,0,gpt_5_6_subagent_rowwise
WCLS11749,1,gpt_5_6_subagent_rowwise
WCLS11750,0,gpt_5_6_subagent_rowwise
WCLS11751,1,gpt_5_6_subagent_rowwise
WCLS11752,0,gpt_5_6_subagent_rowwise
WCLS11753,3,gpt_5_6_subagent_rowwise
WCLS11754,3,gpt_5_6_subagent_rowwise
