replicate,term,coefficient,first_stage_converged,first_stage_iterations,first_stage_gradient_max,n_frames,n_bootstrap_clusters
1,b_C_vs_M,-0.017662845664859674,True,110,0.0010230115107092708,1063,990
1,b_S_vs_M,-0.01318499283578567,True,110,0.0010230115107092708,1063,990
2,b_C_vs_M,-0.024642269419440827,True,112,0.0017714581662276463,1075,990
2,b_S_vs_M,-0.027196201917756766,True,112,0.0017714581662276463,1075,990
3,b_C_vs_M,-0.04177216667195189,True,110,0.0016235151929602232,1068,990
3,b_S_vs_M,-0.021455588889564083,True,110,0.0016235151929602232,1068,990
4,b_C_vs_M,-0.04420722774122553,True,111,0.001244385755338584,1059,990
4,b_S_vs_M,-0.02663672305290935,True,111,0.001244385755338584,1059,990
5,b_C_vs_M,-0.020869022229721458,True,98,0.0034658278863894942,1060,990
5,b_S_vs_M,-0.0018801914246847978,True,98,0.0034658278863894942,1060,990
6,b_C_vs_M,-0.026132160751167918,True,97,0.0007002766782606695,1067,990
6,b_S_vs_M,-0.022371520580953146,True,97,0.0007002766782606695,1067,990
7,b_C_vs_M,-0.03485589834559344,True,94,0.0004512935005505092,1050,990
7,b_S_vs_M,-0.0347979824506202,True,94,0.0004512935005505092,1050,990
8,b_C_vs_M,-0.03759599892284538,True,111,0.00048311569172909685,1050,990
8,b_S_vs_M,-0.017531781226454365,True,111,0.00048311569172909685,1050,990
9,b_C_vs_M,-0.034941942435233395,True,106,0.003653774105337959,1058,990
9,b_S_vs_M,-0.01040192666932595,True,106,0.003653774105337959,1058,990
10,b_C_vs_M,-0.02621669871704744,True,104,0.0007895415006257123,1063,990
10,b_S_vs_M,-0.030268574407972253,True,104,0.0007895415006257123,1063,990
11,b_C_vs_M,-0.042384770100889986,True,102,0.005328695326386246,1053,990
11,b_S_vs_M,-0.030129382738915647,True,102,0.005328695326386246,1053,990
12,b_C_vs_M,-0.03570461329369849,True,108,0.0013495871971245244,1065,990
12,b_S_vs_M,-0.026545487768772157,True,108,0.0013495871971245244,1065,990
13,b_C_vs_M,-0.0275098064981446,True,102,0.0010385068503224737,1052,990
13,b_S_vs_M,-0.014976668918681702,True,102,0.0010385068503224737,1052,990
14,b_C_vs_M,-0.044166226632648305,True,112,0.001328566777954343,1059,990
14,b_S_vs_M,-0.020343314280777167,True,112,0.001328566777954343,1059,990
15,b_C_vs_M,-0.04915768117730901,True,104,0.004101873948387014,1069,990
15,b_S_vs_M,-0.03212682657306142,True,104,0.004101873948387014,1069,990
16,b_C_vs_M,-0.03554635971278147,True,113,0.0010715049811973465,1073,990
16,b_S_vs_M,-0.019071427953085446,True,113,0.0010715049811973465,1073,990
17,b_C_vs_M,-0.04145473108615741,True,117,0.0008090070824806617,1071,990
17,b_S_vs_M,-0.04427450031623025,True,117,0.0008090070824806617,1071,990
18,b_C_vs_M,-0.031839415606013485,True,115,0.00040987449317775315,1050,990
18,b_S_vs_M,-0.030254408582180887,True,115,0.00040987449317775315,1050,990
19,b_C_vs_M,-0.04189257465485806,True,103,0.0003538148638486671,1054,990
19,b_S_vs_M,-0.022866520317582902,True,103,0.0003538148638486671,1054,990
20,b_C_vs_M,-0.035238711209295656,True,110,0.00040754816005517114,1061,990
20,b_S_vs_M,-0.02229150093299749,True,110,0.00040754816005517114,1061,990
21,b_C_vs_M,-0.024929008362057054,True,115,0.00306728080405283,1071,990
21,b_S_vs_M,-0.031540304315650164,True,115,0.00306728080405283,1071,990
22,b_C_vs_M,-0.04126538290360179,True,124,0.002176117449419035,1052,990
22,b_S_vs_M,-0.0271621181834068,True,124,0.002176117449419035,1052,990
23,b_C_vs_M,-0.02462051215017741,True,119,0.0013966976532695519,1041,990
23,b_S_vs_M,-0.03185960369868416,True,119,0.0013966976532695519,1041,990
24,b_C_vs_M,-0.024625101607323664,True,99,0.000846718102193833,1074,990
24,b_S_vs_M,-0.01771252356649775,True,99,0.000846718102193833,1074,990
25,b_C_vs_M,-0.04238201439546229,True,110,0.004971660047444981,1059,990
25,b_S_vs_M,-0.023362966896767878,True,110,0.004971660047444981,1059,990
26,b_C_vs_M,-0.030823695864734414,True,104,0.0017581212145376668,1065,990
26,b_S_vs_M,-0.014177120964081164,True,104,0.0017581212145376668,1065,990
27,b_C_vs_M,-0.04214984648801141,True,112,0.004331748787672396,1076,990
27,b_S_vs_M,-0.026523148069205416,True,112,0.004331748787672396,1076,990
28,b_C_vs_M,-0.03399996896395333,True,119,0.0035747508784558235,1082,990
28,b_S_vs_M,-0.021984469263273285,True,119,0.0035747508784558235,1082,990
29,b_C_vs_M,-0.0364299839186621,True,100,0.0007472663769898524,1054,990
29,b_S_vs_M,-0.01019126005519523,True,100,0.0007472663769898524,1054,990
30,b_C_vs_M,-0.02875149253341584,True,107,0.001095754197782961,1061,990
30,b_S_vs_M,-0.010490673675392017,True,107,0.001095754197782961,1061,990
31,b_C_vs_M,-0.029422457465588536,True,105,0.0006963038108089847,1054,990
31,b_S_vs_M,-0.025851235993108887,True,105,0.0006963038108089847,1054,990
32,b_C_vs_M,-0.04735010737831636,True,114,0.0017549772934860597,1063,990
32,b_S_vs_M,-0.03088086716617895,True,114,0.0017549772934860597,1063,990
33,b_C_vs_M,-0.02466514529550532,True,112,0.001264775772074067,1054,990
33,b_S_vs_M,-0.015029108989567145,True,112,0.001264775772074067,1054,990
34,b_C_vs_M,-0.030589961852177324,True,101,0.0017208555356438282,1039,990
34,b_S_vs_M,-0.03722538584776798,True,101,0.0017208555356438282,1039,990
35,b_C_vs_M,-0.04096855478038151,True,108,0.004505550124549007,1052,990
35,b_S_vs_M,-0.024425298917044137,True,108,0.004505550124549007,1052,990
36,b_C_vs_M,-0.02961524144735663,True,103,0.0011431324154567157,1071,990
36,b_S_vs_M,-0.024868735462676334,True,103,0.0011431324154567157,1071,990
37,b_C_vs_M,-0.044269530089389775,True,100,0.0011978831544827706,1057,990
37,b_S_vs_M,-0.01208288704987311,True,100,0.0011978831544827706,1057,990
38,b_C_vs_M,-0.0491503766298191,True,109,0.0028113862065151096,1054,990
38,b_S_vs_M,-0.03134394726165858,True,109,0.0028113862065151096,1054,990
39,b_C_vs_M,-0.0210956812728489,True,104,0.000820575697695558,1054,990
39,b_S_vs_M,-0.01838005239643563,True,104,0.000820575697695558,1054,990
40,b_C_vs_M,-0.0351168772003555,True,106,0.00443440827918784,1055,990
40,b_S_vs_M,-0.013323329703973097,True,106,0.00443440827918784,1055,990
41,b_C_vs_M,-0.03694216351675762,True,99,0.0005580945751972877,1066,990
41,b_S_vs_M,-0.018144519016606006,True,99,0.0005580945751972877,1066,990
42,b_C_vs_M,-0.03023666022268077,True,102,0.0008836217223868736,1056,990
42,b_S_vs_M,-0.005231226439622209,True,102,0.0008836217223868736,1056,990
43,b_C_vs_M,-0.039890060832616404,True,116,0.0023728979796433514,1067,990
43,b_S_vs_M,-0.01063920669759395,True,116,0.0023728979796433514,1067,990
44,b_C_vs_M,-0.032629390753173775,True,106,0.0017332531460407807,1061,990
44,b_S_vs_M,-0.019253845832975763,True,106,0.0017332531460407807,1061,990
45,b_C_vs_M,-0.0296849976646094,True,107,0.0017496510533225873,1055,990
45,b_S_vs_M,-0.03242697886373652,True,107,0.0017496510533225873,1055,990
46,b_C_vs_M,-0.04002748413038598,True,108,0.0010395991551201966,1063,990
46,b_S_vs_M,-0.01249625912638599,True,108,0.0010395991551201966,1063,990
47,b_C_vs_M,-0.04356161995919504,True,105,0.0011733458014304698,1052,990
47,b_S_vs_M,-0.0196114377996972,True,105,0.0011733458014304698,1052,990
48,b_C_vs_M,-0.037283707933416205,True,107,0.00041269665308485415,1065,990
48,b_S_vs_M,-0.03497667468561643,True,107,0.00041269665308485415,1065,990
49,b_C_vs_M,-0.016578614249043232,True,89,0.0005700185889241927,1050,990
49,b_S_vs_M,-0.02187296863558167,True,89,0.0005700185889241927,1050,990
50,b_C_vs_M,-0.02693677198069607,True,110,0.0010733355746364026,1056,990
50,b_S_vs_M,-0.02737652608187053,True,110,0.0010733355746364026,1056,990
51,b_C_vs_M,-0.03920966104854412,True,99,0.0016096776897719378,1061,990
51,b_S_vs_M,-0.017230534914689115,True,99,0.0016096776897719378,1061,990
52,b_C_vs_M,-0.020855290339913797,True,116,0.0016681839491206052,1063,990
52,b_S_vs_M,-0.01933373961730246,True,116,0.0016681839491206052,1063,990
53,b_C_vs_M,-0.034751712351934916,True,102,0.0012316699547860743,1059,990
53,b_S_vs_M,-0.03412653944732375,True,102,0.0012316699547860743,1059,990
54,b_C_vs_M,-0.03488738956261511,True,101,0.0019911808456882785,1056,990
54,b_S_vs_M,-0.020269593598108294,True,101,0.0019911808456882785,1056,990
55,b_C_vs_M,-0.03292175561206002,True,109,0.0014942981029819613,1050,990
55,b_S_vs_M,-0.012458672703674838,True,109,0.0014942981029819613,1050,990
56,b_C_vs_M,-0.042499314218897535,True,103,0.0008116852349759895,1058,990
56,b_S_vs_M,-0.015857171379022615,True,103,0.0008116852349759895,1058,990
57,b_C_vs_M,-0.009307267283305061,True,109,0.0022643213843309695,1067,990
57,b_S_vs_M,-0.023415671530328717,True,109,0.0022643213843309695,1067,990
58,b_C_vs_M,-0.03534150906237058,True,107,0.0006278039667256818,1063,990
58,b_S_vs_M,-0.021202479135779558,True,107,0.0006278039667256818,1063,990
59,b_C_vs_M,-0.04515694505888853,True,115,0.0014213419048137999,1044,990
59,b_S_vs_M,-0.04201440514543758,True,115,0.0014213419048137999,1044,990
60,b_C_vs_M,-0.0476489075686654,True,111,0.0007287618363476245,1059,990
60,b_S_vs_M,-0.03546054757671315,True,111,0.0007287618363476245,1059,990
61,b_C_vs_M,-0.030642051425041117,True,117,0.0009914161165552882,1056,990
61,b_S_vs_M,-0.01999033930636001,True,117,0.0009914161165552882,1056,990
62,b_C_vs_M,-0.03227440129195626,True,113,0.0008304139498789276,1064,990
62,b_S_vs_M,-0.0017818917235543367,True,113,0.0008304139498789276,1064,990
63,b_C_vs_M,-0.025057242940868862,True,111,0.0008216395165558943,1054,990
63,b_S_vs_M,-0.02982184065173109,True,111,0.0008216395165558943,1054,990
64,b_C_vs_M,-0.051521615637905756,True,121,0.0006595898856216476,1057,990
64,b_S_vs_M,-0.013918930167109293,True,121,0.0006595898856216476,1057,990
65,b_C_vs_M,-0.03248394346573684,True,110,0.0028564544108435896,1064,990
65,b_S_vs_M,-0.006755465304914832,True,110,0.0028564544108435896,1064,990
66,b_C_vs_M,-0.029088195021945495,True,112,0.0007769142154012698,1072,990
66,b_S_vs_M,0.006552482424170768,True,112,0.0007769142154012698,1072,990
67,b_C_vs_M,-0.03875230100430182,True,108,0.0002307737723872827,1067,990
67,b_S_vs_M,-0.02531039365151153,True,108,0.0002307737723872827,1067,990
68,b_C_vs_M,-0.0177906861699427,True,113,0.0019442933539361995,1066,990
68,b_S_vs_M,-0.01024362864473106,True,113,0.0019442933539361995,1066,990
69,b_C_vs_M,-0.03847887187110526,True,101,0.0013732594197035652,1065,990
69,b_S_vs_M,-0.018538201837364123,True,101,0.0013732594197035652,1065,990
70,b_C_vs_M,-0.04223725726645295,True,110,0.001751745062786192,1071,990
70,b_S_vs_M,-0.029780171918660867,True,110,0.001751745062786192,1071,990
71,b_C_vs_M,-0.031425418223108695,True,99,0.0008384310797007188,1061,990
71,b_S_vs_M,-0.018112543531256596,True,99,0.0008384310797007188,1061,990
72,b_C_vs_M,-0.011491570462979534,True,109,0.000667380995067246,1059,990
72,b_S_vs_M,-0.012402175007652956,True,109,0.000667380995067246,1059,990
73,b_C_vs_M,-0.032267238462891784,True,116,0.000996539843114208,1064,990
73,b_S_vs_M,-0.015148195949881637,True,116,0.000996539843114208,1064,990
74,b_C_vs_M,-0.029486357282478354,True,115,0.00046193102021097054,1058,990
74,b_S_vs_M,-0.02059136501033304,True,115,0.00046193102021097054,1058,990
75,b_C_vs_M,-0.029492164178373297,True,104,0.0051726116230643715,1057,990
75,b_S_vs_M,-0.022660034594239174,True,104,0.0051726116230643715,1057,990
76,b_C_vs_M,-0.021146993206766055,True,109,0.0008783408516692681,1052,990
76,b_S_vs_M,-0.025195716118075466,True,109,0.0008783408516692681,1052,990
77,b_C_vs_M,-0.037885630906032565,True,113,0.0013880349118200463,1058,990
77,b_S_vs_M,-0.016998197002324154,True,113,0.0013880349118200463,1058,990
78,b_C_vs_M,-0.0367121736577708,True,109,0.001128672584330248,1059,990
78,b_S_vs_M,-0.03923899501518486,True,109,0.001128672584330248,1059,990
79,b_C_vs_M,-0.023910592751449505,True,114,0.00043546560594420747,1061,990
79,b_S_vs_M,-0.012694665472746097,True,114,0.00043546560594420747,1061,990
80,b_C_vs_M,-0.04465791411610527,True,102,0.0006639916625617026,1053,990
80,b_S_vs_M,-0.027031568419207168,True,102,0.0006639916625617026,1053,990
81,b_C_vs_M,-0.04291717620059289,True,112,0.000975797233479625,1085,990
81,b_S_vs_M,-0.025533869879097854,True,112,0.000975797233479625,1085,990
82,b_C_vs_M,-0.0326897165170818,True,102,0.000894960312226134,1064,990
82,b_S_vs_M,-0.015552205425346468,True,102,0.000894960312226134,1064,990
83,b_C_vs_M,-0.050762273653760605,True,107,0.004204819898167622,1074,990
83,b_S_vs_M,-0.017281311165472376,True,107,0.004204819898167622,1074,990
84,b_C_vs_M,-0.03913747189925376,True,92,0.0007408992334552167,1047,990
84,b_S_vs_M,-0.03434028506270358,True,92,0.0007408992334552167,1047,990
85,b_C_vs_M,-0.03416713663066841,True,104,0.0006374474372474737,1068,990
85,b_S_vs_M,-0.0033125259045401374,True,104,0.0006374474372474737,1068,990
86,b_C_vs_M,-0.05028067722234603,True,108,0.0005679950745400841,1065,990
86,b_S_vs_M,-0.026651122197316322,True,108,0.0005679950745400841,1065,990
87,b_C_vs_M,-0.04125721628718946,True,108,0.0018134183292483064,1062,990
87,b_S_vs_M,-0.02874048432550828,True,108,0.0018134183292483064,1062,990
88,b_C_vs_M,-0.03867452405697178,True,109,0.002357360907629502,1059,990
88,b_S_vs_M,-0.0026875491214333096,True,109,0.002357360907629502,1059,990
89,b_C_vs_M,-0.037363224740358726,True,104,0.0005168629719786155,1055,990
89,b_S_vs_M,-0.03907556615072936,True,104,0.0005168629719786155,1055,990
90,b_C_vs_M,-0.03807693444615476,True,113,0.0013337648854826467,1066,990
90,b_S_vs_M,-0.021324182770982882,True,113,0.0013337648854826467,1066,990
91,b_C_vs_M,-0.037760259358255,True,108,0.0011284230790090666,1064,990
91,b_S_vs_M,-0.02120629917040847,True,108,0.0011284230790090666,1064,990
92,b_C_vs_M,-0.024981189533513526,True,108,0.00019649819195433071,1053,990
92,b_S_vs_M,-0.002294197049587887,True,108,0.00019649819195433071,1053,990
93,b_C_vs_M,-0.02573082319225633,True,124,0.0007341283097398454,1052,990
93,b_S_vs_M,-0.021147185270473757,True,124,0.0007341283097398454,1052,990
94,b_C_vs_M,-0.046081042625305824,True,96,0.0046274908984154095,1060,990
94,b_S_vs_M,-0.026214961621975574,True,96,0.0046274908984154095,1060,990
95,b_C_vs_M,-0.0319291730993226,True,109,0.0034275831571357607,1065,990
95,b_S_vs_M,-0.017391280837228105,True,109,0.0034275831571357607,1065,990
96,b_C_vs_M,-0.0436812772808064,True,106,0.0010278656551234722,1063,990
96,b_S_vs_M,-0.019535456563256975,True,106,0.0010278656551234722,1063,990
97,b_C_vs_M,-0.024251663690128822,True,98,0.0007684687786121414,1041,990
97,b_S_vs_M,-0.027745027726883364,True,98,0.0007684687786121414,1041,990
98,b_C_vs_M,-0.028037726568597293,True,102,0.0006640247269728006,1055,990
98,b_S_vs_M,-0.02311673984607123,True,102,0.0006640247269728006,1055,990
99,b_C_vs_M,-0.02607006112366276,True,109,0.0003582024949880802,1053,990
99,b_S_vs_M,0.004482870023706608,True,109,0.0003582024949880802,1053,990
100,b_C_vs_M,-0.03134758516734943,True,112,0.009119327570344726,1046,990
100,b_S_vs_M,-0.020742866509674846,True,112,0.009119327570344726,1046,990
101,b_C_vs_M,-0.04755712040532267,True,117,0.0017559627527776733,1064,990
101,b_S_vs_M,-0.00964361139907232,True,117,0.0017559627527776733,1064,990
102,b_C_vs_M,-0.040835168939048296,True,101,0.001813947612099076,1055,990
102,b_S_vs_M,-0.02523979909535817,True,101,0.001813947612099076,1055,990
103,b_C_vs_M,-0.030862985630999006,True,93,0.0008089768167858225,1046,990
103,b_S_vs_M,-0.028226395819223503,True,93,0.0008089768167858225,1046,990
104,b_C_vs_M,-0.0399744544020058,True,99,0.0008483085071357976,1054,990
104,b_S_vs_M,-0.035695930172796014,True,99,0.0008483085071357976,1054,990
105,b_C_vs_M,-0.030726064454950366,True,106,0.0035719118839812047,1046,990
105,b_S_vs_M,-0.023600560222054083,True,106,0.0035719118839812047,1046,990
106,b_C_vs_M,-0.039383629809992576,True,112,0.00032276435791744884,1065,990
106,b_S_vs_M,-0.017348402451322346,True,112,0.00032276435791744884,1065,990
107,b_C_vs_M,-0.04165874791878698,True,100,0.000356175488719801,1057,990
107,b_S_vs_M,-0.032177849985029455,True,100,0.000356175488719801,1057,990
108,b_C_vs_M,-0.02711158494244333,True,113,0.0020144512184303576,1054,990
108,b_S_vs_M,-0.026485181915649206,True,113,0.0020144512184303576,1054,990
109,b_C_vs_M,-0.04619214716418891,True,102,0.0012757560664127254,1052,990
109,b_S_vs_M,-0.023904585701644936,True,102,0.0012757560664127254,1052,990
110,b_C_vs_M,-0.0205698665728723,True,114,0.0009823500973064059,1059,990
110,b_S_vs_M,-0.01396900940886796,True,114,0.0009823500973064059,1059,990
111,b_C_vs_M,-0.032573773323081485,True,112,0.003846327521428883,1067,990
111,b_S_vs_M,-0.012328501606455175,True,112,0.003846327521428883,1067,990
112,b_C_vs_M,-0.03991430367337422,True,105,0.0010858901061010506,1054,990
112,b_S_vs_M,-0.01039281467197924,True,105,0.0010858901061010506,1054,990
113,b_C_vs_M,-0.037676571417271494,True,118,0.0013438743201554804,1055,990
113,b_S_vs_M,-0.03466000232321498,True,118,0.0013438743201554804,1055,990
114,b_C_vs_M,-0.03472088347760022,True,100,0.0022034268595994,1053,990
114,b_S_vs_M,-0.0220386744019604,True,100,0.0022034268595994,1053,990
115,b_C_vs_M,-0.03664478774077892,True,112,0.0005675237174593839,1057,990
115,b_S_vs_M,-0.024871634482472038,True,112,0.0005675237174593839,1057,990
116,b_C_vs_M,-0.03640068393217127,True,112,0.002849190533495971,1062,990
116,b_S_vs_M,-0.021522861068341573,True,112,0.002849190533495971,1062,990
117,b_C_vs_M,-0.027589243270841196,True,102,0.0005966796792078455,1070,990
117,b_S_vs_M,-0.024371792100716612,True,102,0.0005966796792078455,1070,990
118,b_C_vs_M,-0.016310640679369503,True,107,0.002458063247996911,1057,990
118,b_S_vs_M,-0.020857875828935554,True,107,0.002458063247996911,1057,990
119,b_C_vs_M,-0.03126361323377653,True,106,0.0011748456794276052,1057,990
119,b_S_vs_M,-0.022045794604189227,True,106,0.0011748456794276052,1057,990
120,b_C_vs_M,-0.0310300304175857,True,103,0.0017533808101042325,1050,990
120,b_S_vs_M,-0.020905475640795926,True,103,0.0017533808101042325,1050,990
121,b_C_vs_M,-0.041019381892984305,True,108,0.0077822464176207085,1057,990
121,b_S_vs_M,-0.019469101968303038,True,108,0.0077822464176207085,1057,990
122,b_C_vs_M,-0.04166345801293184,True,118,0.002682120750045147,1061,990
122,b_S_vs_M,-0.01841028913682427,True,118,0.002682120750045147,1061,990
123,b_C_vs_M,-0.035750827830874604,True,108,0.0008808276439438156,1077,990
123,b_S_vs_M,-0.027568882231972035,True,108,0.0008808276439438156,1077,990
124,b_C_vs_M,-0.03998834563517023,True,103,0.0005437836381023686,1060,990
124,b_S_vs_M,-0.016158980323018095,True,103,0.0005437836381023686,1060,990
125,b_C_vs_M,-0.050239750032783866,True,100,0.0012443226525146178,1064,990
125,b_S_vs_M,-0.014570912199726335,True,100,0.0012443226525146178,1064,990
126,b_C_vs_M,-0.027702239592594487,True,96,0.0034950923645573617,1078,990
126,b_S_vs_M,-0.011629358011082069,True,96,0.0034950923645573617,1078,990
127,b_C_vs_M,-0.024791681754989876,True,105,0.0013031548785815694,1053,990
127,b_S_vs_M,-0.009424256950644439,True,105,0.0013031548785815694,1053,990
128,b_C_vs_M,-0.03522708663560574,True,109,0.000794767807493324,1047,990
128,b_S_vs_M,-0.018588349330866633,True,109,0.000794767807493324,1047,990
129,b_C_vs_M,-0.04253343789125569,True,106,0.0020487100782665135,1061,990
129,b_S_vs_M,-0.03809004512812686,True,106,0.0020487100782665135,1061,990
130,b_C_vs_M,-0.021534641295343368,True,113,0.0005778778759195635,1044,990
130,b_S_vs_M,-0.01568738404367457,True,113,0.0005778778759195635,1044,990
131,b_C_vs_M,-0.025714414590006954,True,113,0.0007308645100258526,1065,990
131,b_S_vs_M,-0.029846323127129377,True,113,0.0007308645100258526,1065,990
132,b_C_vs_M,-0.02061885280783011,True,104,0.0017570224195271322,1061,990
132,b_S_vs_M,-0.031757788982435406,True,104,0.0017570224195271322,1061,990
133,b_C_vs_M,-0.053323554330211305,True,111,0.00041901609639183324,1062,990
133,b_S_vs_M,-0.03216005714391141,True,111,0.00041901609639183324,1062,990
134,b_C_vs_M,-0.03680434134587884,True,111,0.0010540176175148908,1061,990
134,b_S_vs_M,-0.013235900104905385,True,111,0.0010540176175148908,1061,990
135,b_C_vs_M,-0.05178563692042941,True,103,0.000473373853400183,1057,990
135,b_S_vs_M,-0.016052239996297263,True,103,0.000473373853400183,1057,990
136,b_C_vs_M,-0.038636832581955306,True,120,0.000664053551629129,1062,990
136,b_S_vs_M,-0.016687311162259116,True,120,0.000664053551629129,1062,990
137,b_C_vs_M,-0.03121136766283898,True,103,0.003115481137940357,1064,990
137,b_S_vs_M,-0.005518693885777817,True,103,0.003115481137940357,1064,990
138,b_C_vs_M,-0.03056755850540531,True,111,0.005994610715328363,1067,990
138,b_S_vs_M,-0.016244465534954046,True,111,0.005994610715328363,1067,990
139,b_C_vs_M,-0.034510223436167636,True,105,0.009038733160774193,1049,990
139,b_S_vs_M,-0.02211574661938029,True,105,0.009038733160774193,1049,990
140,b_C_vs_M,-0.04265122955765342,True,103,0.0008334392028154225,1059,990
140,b_S_vs_M,-0.022401345460405345,True,103,0.0008334392028154225,1059,990
141,b_C_vs_M,-0.04958304778111999,True,91,0.0006611983776918517,1069,990
141,b_S_vs_M,-0.016681521128696027,True,91,0.0006611983776918517,1069,990
142,b_C_vs_M,-0.045273339780515114,True,101,0.0009311924404067362,1062,990
142,b_S_vs_M,-0.024254620503783145,True,101,0.0009311924404067362,1062,990
143,b_C_vs_M,-0.020208914242471045,True,101,0.000697366855261547,1070,990
143,b_S_vs_M,-0.017297658824408986,True,101,0.000697366855261547,1070,990
144,b_C_vs_M,-0.04449427086152003,True,113,0.002749962329866462,1066,990
144,b_S_vs_M,-0.011229015647253397,True,113,0.002749962329866462,1066,990
145,b_C_vs_M,-0.026557278347422296,True,110,0.0019468504225961247,1055,990
145,b_S_vs_M,-0.009161066184680294,True,110,0.0019468504225961247,1055,990
146,b_C_vs_M,-0.021633113944092452,True,118,0.0014196600810798543,1051,990
146,b_S_vs_M,-0.010840040330261456,True,118,0.0014196600810798543,1051,990
147,b_C_vs_M,-0.044256474193696584,True,110,0.0011604063950890198,1059,990
147,b_S_vs_M,-0.0232233565679413,True,110,0.0011604063950890198,1059,990
148,b_C_vs_M,-0.05491893790879647,True,105,0.000873223512249055,1071,990
148,b_S_vs_M,-0.016354535489228456,True,105,0.000873223512249055,1071,990
149,b_C_vs_M,-0.026174238268463886,True,99,0.0007486107696024202,1051,990
149,b_S_vs_M,-0.014069943519741264,True,99,0.0007486107696024202,1051,990
150,b_C_vs_M,-0.034238653901583996,True,101,0.0016587495454101209,1056,990
150,b_S_vs_M,-0.03856797809645236,True,101,0.0016587495454101209,1056,990
151,b_C_vs_M,-0.027480655940417386,True,101,0.0012166238784327987,1052,990
151,b_S_vs_M,-0.02405994532110223,True,101,0.0012166238784327987,1052,990
152,b_C_vs_M,-0.032259044955416885,True,111,0.0025957594674075324,1046,990
152,b_S_vs_M,-0.0328713111017405,True,111,0.0025957594674075324,1046,990
153,b_C_vs_M,-0.03297793795060868,True,115,0.0006861899457510923,1074,990
153,b_S_vs_M,-0.021194411790261415,True,115,0.0006861899457510923,1074,990
154,b_C_vs_M,-0.04199592297115753,True,109,0.000539131075835142,1054,990
154,b_S_vs_M,-0.02096251444639162,True,109,0.000539131075835142,1054,990
155,b_C_vs_M,-0.027431849963030483,True,100,0.0013735048071920053,1064,990
155,b_S_vs_M,-0.018326869263863035,True,100,0.0013735048071920053,1064,990
156,b_C_vs_M,-0.030940714197798484,True,107,0.0013797162597932733,1042,990
156,b_S_vs_M,-0.026440265667178553,True,107,0.0013797162597932733,1042,990
157,b_C_vs_M,-0.029910661772673496,True,100,0.0048007923188764234,1047,990
157,b_S_vs_M,-0.03544904384932775,True,100,0.0048007923188764234,1047,990
158,b_C_vs_M,-0.04265582193604552,True,109,0.000838704852119676,1053,990
158,b_S_vs_M,-0.03188724295685941,True,109,0.000838704852119676,1053,990
159,b_C_vs_M,-0.04023922964731312,True,120,0.0021480012359844647,1054,990
159,b_S_vs_M,-0.040918781131551014,True,120,0.0021480012359844647,1054,990
160,b_C_vs_M,-0.04790784600463552,True,109,0.00103306383683055,1040,990
160,b_S_vs_M,-0.03330526754429356,True,109,0.00103306383683055,1040,990
161,b_C_vs_M,-0.03782812166777489,True,117,0.0011064056795724309,1055,990
161,b_S_vs_M,-0.024935615220095585,True,117,0.0011064056795724309,1055,990
162,b_C_vs_M,-0.045824984718090565,True,110,0.0004286888655794102,1058,990
162,b_S_vs_M,-0.030420842050950563,True,110,0.0004286888655794102,1058,990
163,b_C_vs_M,-0.03769487434398659,True,112,0.0029659023358644676,1050,990
163,b_S_vs_M,-0.022768050753206065,True,112,0.0029659023358644676,1050,990
164,b_C_vs_M,-0.029317640950076197,True,101,0.0010801003108895646,1050,990
164,b_S_vs_M,-0.011819231165346396,True,101,0.0010801003108895646,1050,990
165,b_C_vs_M,-0.031043052574975468,True,113,0.0008411671324073389,1045,990
165,b_S_vs_M,-0.028798529626612387,True,113,0.0008411671324073389,1045,990
166,b_C_vs_M,-0.037671375897588205,True,112,0.0007165067716419227,1062,990
166,b_S_vs_M,-0.03166903526379077,True,112,0.0007165067716419227,1062,990
167,b_C_vs_M,-0.03407167155740202,True,106,0.0004497537142615915,1054,990
167,b_S_vs_M,-0.045277891269663036,True,106,0.0004497537142615915,1054,990
168,b_C_vs_M,-0.03227683621164531,True,112,0.00026795112266286836,1066,990
168,b_S_vs_M,-0.024996688866692627,True,112,0.00026795112266286836,1066,990
169,b_C_vs_M,-0.028581245192332193,True,106,0.0004656409172048015,1068,990
169,b_S_vs_M,-0.017077549312231304,True,106,0.0004656409172048015,1068,990
170,b_C_vs_M,-0.03296023023095219,True,121,0.0008107846189400192,1061,990
170,b_S_vs_M,-0.029171719257031558,True,121,0.0008107846189400192,1061,990
171,b_C_vs_M,-0.043142978264471145,True,112,0.0019019275183510542,1046,990
171,b_S_vs_M,-0.012589055150045565,True,112,0.0019019275183510542,1046,990
172,b_C_vs_M,-0.017021495294878813,True,112,0.0003271832753528603,1044,990
172,b_S_vs_M,-0.023428826179447755,True,112,0.0003271832753528603,1044,990
173,b_C_vs_M,-0.04084304659443976,True,107,0.000647318688628884,1057,990
173,b_S_vs_M,-0.015140996029365618,True,107,0.000647318688628884,1057,990
174,b_C_vs_M,-0.026162688233055568,True,108,0.0015979434685529093,1057,990
174,b_S_vs_M,-0.027216413444465744,True,108,0.0015979434685529093,1057,990
175,b_C_vs_M,-0.030389065629954356,True,111,0.0009369817404838443,1058,990
175,b_S_vs_M,-0.007297153434518772,True,111,0.0009369817404838443,1058,990
176,b_C_vs_M,-0.030390308710343598,True,101,0.0007025054501439421,1055,990
176,b_S_vs_M,-0.027148608192860517,True,101,0.0007025054501439421,1055,990
177,b_C_vs_M,-0.020010719734043014,True,114,0.00038131142180608535,1040,990
177,b_S_vs_M,-0.03266432428632159,True,114,0.00038131142180608535,1040,990
178,b_C_vs_M,-0.03528534553813415,True,98,0.002977160643543586,1072,990
178,b_S_vs_M,-0.012623259074655835,True,98,0.002977160643543586,1072,990
179,b_C_vs_M,-0.041570849549659464,True,99,0.0014999676045454047,1062,990
179,b_S_vs_M,-0.015471972418069036,True,99,0.0014999676045454047,1062,990
180,b_C_vs_M,-0.033158164247523804,True,98,0.0026811249008402704,1053,990
180,b_S_vs_M,-0.021122485189273756,True,98,0.0026811249008402704,1053,990
181,b_C_vs_M,-0.037063700991838616,True,110,0.0012059403306685645,1049,990
181,b_S_vs_M,-0.02652867009132047,True,110,0.0012059403306685645,1049,990
182,b_C_vs_M,-0.03664176653239578,True,102,0.003604281622084482,1073,990
182,b_S_vs_M,-0.01253386996144491,True,102,0.003604281622084482,1073,990
183,b_C_vs_M,-0.03065433105304036,True,106,0.0008617623512137129,1060,990
183,b_S_vs_M,-0.010272368711612734,True,106,0.0008617623512137129,1060,990
184,b_C_vs_M,-0.013189662579286745,True,109,0.0005504411872708781,1061,990
184,b_S_vs_M,-0.018427205868044215,True,109,0.0005504411872708781,1061,990
185,b_C_vs_M,-0.03634867442684476,True,102,0.0004073194425076032,1066,990
185,b_S_vs_M,-0.02584025078937679,True,102,0.0004073194425076032,1066,990
186,b_C_vs_M,-0.05021438473402466,True,105,0.005522238692382553,1062,990
186,b_S_vs_M,-0.0178745802466142,True,105,0.005522238692382553,1062,990
187,b_C_vs_M,-0.03632975225817936,True,100,0.000566079227911076,1065,990
187,b_S_vs_M,-0.03288400881099894,True,100,0.000566079227911076,1065,990
188,b_C_vs_M,-0.04187074228756542,True,107,0.0015688413212365804,1063,990
188,b_S_vs_M,-0.020761562852757705,True,107,0.0015688413212365804,1063,990
189,b_C_vs_M,-0.04283352841063037,True,98,0.0028807069650809147,1071,990
189,b_S_vs_M,-0.03138575407561107,True,98,0.0028807069650809147,1071,990
190,b_C_vs_M,-0.030261116627083664,True,125,0.0006332830419907287,1058,990
190,b_S_vs_M,-0.020346924352882427,True,125,0.0006332830419907287,1058,990
191,b_C_vs_M,-0.021180173474034183,True,110,0.0005874654031495785,1055,990
191,b_S_vs_M,-0.033197644080120485,True,110,0.0005874654031495785,1055,990
192,b_C_vs_M,-0.03996940966662159,True,99,0.0005172684183425424,1064,990
192,b_S_vs_M,-0.04021573091145892,True,99,0.0005172684183425424,1064,990
193,b_C_vs_M,-0.012710826651720908,True,108,0.00029171504873315435,1060,990
193,b_S_vs_M,-0.025203179827530287,True,108,0.00029171504873315435,1060,990
194,b_C_vs_M,-0.020771790630134096,True,96,0.0006986145764928953,1051,990
194,b_S_vs_M,-0.01719351543586958,True,96,0.0006986145764928953,1051,990
195,b_C_vs_M,-0.0350858640910831,True,121,0.00043255254254681574,1067,990
195,b_S_vs_M,-0.019423987539902307,True,121,0.00043255254254681574,1067,990
196,b_C_vs_M,-0.05374084387212615,True,103,0.004611131788105682,1064,990
196,b_S_vs_M,-0.02850939063556575,True,103,0.004611131788105682,1064,990
197,b_C_vs_M,-0.02774412077815345,True,113,0.0010210747033263523,1062,990
197,b_S_vs_M,-0.025110338854424062,True,113,0.0010210747033263523,1062,990
198,b_C_vs_M,-0.032967657859195275,True,121,0.0029627097181268436,1065,990
198,b_S_vs_M,-0.014588120662777157,True,121,0.0029627097181268436,1065,990
199,b_C_vs_M,-0.037138182886790404,True,103,0.000644838664191516,1074,990
199,b_S_vs_M,-0.014857748079716671,True,103,0.000644838664191516,1074,990
200,b_C_vs_M,-0.029698750514230224,True,108,0.0003565047515563524,1064,990
200,b_S_vs_M,-0.017566082719204026,True,108,0.0003565047515563524,1064,990
201,b_C_vs_M,-0.03978684344328368,True,106,0.0008046065296865024,1061,990
201,b_S_vs_M,-0.022385948736818633,True,106,0.0008046065296865024,1061,990
202,b_C_vs_M,-0.04518592805882176,True,106,0.0018052850136291987,1058,990
202,b_S_vs_M,-0.024864629337598906,True,106,0.0018052850136291987,1058,990
203,b_C_vs_M,-0.029819355068542816,True,125,0.00046147522309070155,1073,990
203,b_S_vs_M,-0.02710050138124117,True,125,0.00046147522309070155,1073,990
204,b_C_vs_M,-0.023779857405529122,True,109,0.0005375565549825545,1053,990
204,b_S_vs_M,-0.020275185801782426,True,109,0.0005375565549825545,1053,990
205,b_C_vs_M,-0.03738708641895603,True,115,0.0004936269214530498,1067,990
205,b_S_vs_M,-0.032544402948364436,True,115,0.0004936269214530498,1067,990
206,b_C_vs_M,-0.060447198481205416,True,108,0.001375130100400579,1061,990
206,b_S_vs_M,-0.01151391697461073,True,108,0.001375130100400579,1061,990
207,b_C_vs_M,-0.04087242014337293,True,100,0.0011128091108942861,1071,990
207,b_S_vs_M,-0.016669942347817483,True,100,0.0011128091108942861,1071,990
208,b_C_vs_M,-0.030812770864100242,True,117,0.0005457196200349124,1062,990
208,b_S_vs_M,-0.0072595405467806625,True,117,0.0005457196200349124,1062,990
209,b_C_vs_M,-0.033843012993889685,True,94,0.0011118222817145806,1049,990
209,b_S_vs_M,-0.01701662699939944,True,94,0.0011118222817145806,1049,990
210,b_C_vs_M,-0.0410391768191208,True,110,0.002141491058916367,1056,990
210,b_S_vs_M,-0.047245712735339424,True,110,0.002141491058916367,1056,990
211,b_C_vs_M,-0.030281768128452163,True,93,0.0005227267772026645,1070,990
211,b_S_vs_M,-0.02672236077073725,True,93,0.0005227267772026645,1070,990
212,b_C_vs_M,-0.04778403580242268,True,97,0.0010723374495635873,1058,990
212,b_S_vs_M,-0.02056512866113137,True,97,0.0010723374495635873,1058,990
213,b_C_vs_M,-0.017867048690052595,True,115,0.0007058538534303604,1064,990
213,b_S_vs_M,-0.027859096785293448,True,115,0.0007058538534303604,1064,990
214,b_C_vs_M,-0.03805286712279442,True,125,0.0008495194981811283,1078,990
214,b_S_vs_M,-0.010910534509946689,True,125,0.0008495194981811283,1078,990
215,b_C_vs_M,-0.047560256007660624,True,109,0.0008497259981201655,1075,990
215,b_S_vs_M,-0.010287148389822708,True,109,0.0008497259981201655,1075,990
216,b_C_vs_M,-0.03320738903391022,True,105,0.0012329054500882508,1049,990
216,b_S_vs_M,-0.03099206540374795,True,105,0.0012329054500882508,1049,990
217,b_C_vs_M,-0.04386780040195192,True,103,0.0007849070293277638,1063,990
217,b_S_vs_M,-0.021511113626150165,True,103,0.0007849070293277638,1063,990
218,b_C_vs_M,-0.042854395628110664,True,97,0.0068099975461239914,1049,990
218,b_S_vs_M,-0.029333778924774352,True,97,0.0068099975461239914,1049,990
219,b_C_vs_M,-0.03153235270484269,True,114,0.000658576600104821,1063,990
219,b_S_vs_M,-0.023777267059656083,True,114,0.000658576600104821,1063,990
220,b_C_vs_M,-0.030480110268471805,True,101,0.0008938244834606479,1048,990
220,b_S_vs_M,-0.018531294364079,True,101,0.0008938244834606479,1048,990
221,b_C_vs_M,-0.04013560782192305,True,109,0.0006093950422487726,1074,990
221,b_S_vs_M,-0.026446619058479753,True,109,0.0006093950422487726,1074,990
222,b_C_vs_M,-0.025914122112337807,True,108,0.0018389871547921377,1068,990
222,b_S_vs_M,-0.030864257380959447,True,108,0.0018389871547921377,1068,990
223,b_C_vs_M,-0.040567374576330195,True,109,0.003468000526877568,1065,990
223,b_S_vs_M,-0.021325910152840747,True,109,0.003468000526877568,1065,990
224,b_C_vs_M,-0.02214345354825712,True,112,0.0004906919059215475,1079,990
224,b_S_vs_M,-0.003975354547142978,True,112,0.0004906919059215475,1079,990
225,b_C_vs_M,-0.04086568085444927,True,105,0.00022511180103776396,1060,990
225,b_S_vs_M,-0.030852346709419946,True,105,0.00022511180103776396,1060,990
226,b_C_vs_M,-0.026393147906009634,True,110,0.001980249599459194,1051,990
226,b_S_vs_M,-0.019066298762942885,True,110,0.001980249599459194,1051,990
227,b_C_vs_M,-0.033969781869584145,True,96,0.0012432077224855398,1048,990
227,b_S_vs_M,-0.019854796680394603,True,96,0.0012432077224855398,1048,990
228,b_C_vs_M,-0.04834394647496692,True,110,0.0014337925238135374,1050,990
228,b_S_vs_M,-0.022380141944435692,True,110,0.0014337925238135374,1050,990
229,b_C_vs_M,-0.030613308968831205,True,103,0.0005612469906917106,1063,990
229,b_S_vs_M,-0.021465509836344796,True,103,0.0005612469906917106,1063,990
230,b_C_vs_M,-0.030662343493798025,True,104,0.0022261489467818585,1058,990
230,b_S_vs_M,-0.020466813581209282,True,104,0.0022261489467818585,1058,990
231,b_C_vs_M,-0.02551135995919382,True,96,0.0010733180365578576,1053,990
231,b_S_vs_M,-0.010680821683499413,True,96,0.0010733180365578576,1053,990
232,b_C_vs_M,-0.05396059702022333,True,117,0.0007486489681345354,1066,990
232,b_S_vs_M,-0.027146814949416294,True,117,0.0007486489681345354,1066,990
233,b_C_vs_M,-0.03308652793585477,True,107,0.002617079162643754,1073,990
233,b_S_vs_M,-0.018667962603282677,True,107,0.002617079162643754,1073,990
234,b_C_vs_M,-0.0346739739288437,True,120,0.0003337127491245262,1054,990
234,b_S_vs_M,-0.02786074951997443,True,120,0.0003337127491245262,1054,990
235,b_C_vs_M,-0.032963715404617594,True,105,0.004667612731098281,1066,990
235,b_S_vs_M,-0.027705382051748363,True,105,0.004667612731098281,1066,990
236,b_C_vs_M,-0.026573062535162836,True,109,0.0010722435527408258,1048,990
236,b_S_vs_M,-0.017319451642980724,True,109,0.0010722435527408258,1048,990
237,b_C_vs_M,-0.033912300529412166,True,110,0.0007017145457817175,1051,990
237,b_S_vs_M,-0.015355920667009944,True,110,0.0007017145457817175,1051,990
238,b_C_vs_M,-0.02961102394134496,True,94,0.0025613293774338075,1053,990
238,b_S_vs_M,-0.01501156162319534,True,94,0.0025613293774338075,1053,990
239,b_C_vs_M,-0.03519760574047988,True,110,0.0009798459804932769,1051,990
239,b_S_vs_M,-0.022251867829356606,True,110,0.0009798459804932769,1051,990
240,b_C_vs_M,-0.03743346191535646,True,113,0.0009765396139517213,1046,990
240,b_S_vs_M,-0.019163387225241784,True,113,0.0009765396139517213,1046,990
241,b_C_vs_M,-0.04572049778097459,True,106,0.001635711949734553,1053,990
241,b_S_vs_M,-0.02472064528078389,True,106,0.001635711949734553,1053,990
242,b_C_vs_M,-0.04518096272368259,True,104,0.003582925516931068,1066,990
242,b_S_vs_M,-0.0261381578968665,True,104,0.003582925516931068,1066,990
243,b_C_vs_M,-0.043602741121482866,True,108,0.0012254238966646902,1065,990
243,b_S_vs_M,-0.0337750882000784,True,108,0.0012254238966646902,1065,990
244,b_C_vs_M,-0.033975668350881824,True,106,0.0009890075822386324,1058,990
244,b_S_vs_M,-0.017529482330345583,True,106,0.0009890075822386324,1058,990
245,b_C_vs_M,-0.051611841794702705,True,96,0.0028510855596249884,1060,990
245,b_S_vs_M,-0.030183942248735524,True,96,0.0028510855596249884,1060,990
246,b_C_vs_M,-0.034715813505979215,True,99,0.003266711543846723,1049,990
246,b_S_vs_M,-0.012483173684303838,True,99,0.003266711543846723,1049,990
247,b_C_vs_M,-0.035209029825671236,True,117,0.0007523696628747301,1071,990
247,b_S_vs_M,-0.007686875285913173,True,117,0.0007523696628747301,1071,990
248,b_C_vs_M,-0.04754211508678323,True,106,0.00041305280511050313,1059,990
248,b_S_vs_M,-0.020267019941768445,True,106,0.00041305280511050313,1059,990
249,b_C_vs_M,-0.029779926039208992,True,119,0.000700227547547172,1064,990
249,b_S_vs_M,-0.031478654939666846,True,119,0.000700227547547172,1064,990
250,b_C_vs_M,-0.021919859877445224,True,103,0.0031226328778894974,1073,990
250,b_S_vs_M,-0.005785875124344647,True,103,0.0031226328778894974,1073,990
251,b_C_vs_M,-0.04660641898250059,True,110,0.0021875454318884824,1069,990
251,b_S_vs_M,-0.032778374326534535,True,110,0.0021875454318884824,1069,990
252,b_C_vs_M,-0.03629002505691434,True,112,0.0011743528315384388,1057,990
252,b_S_vs_M,-0.02448044323018919,True,112,0.0011743528315384388,1057,990
253,b_C_vs_M,-0.04581826457571016,True,109,0.000318396886437311,1058,990
253,b_S_vs_M,-0.021378121413239772,True,109,0.000318396886437311,1058,990
254,b_C_vs_M,-0.04280139840703212,True,105,0.0010392998950550236,1062,990
254,b_S_vs_M,-0.011167412756496263,True,105,0.0010392998950550236,1062,990
255,b_C_vs_M,-0.04078946069736855,True,108,0.0006842394535455654,1056,990
255,b_S_vs_M,-0.029635174586600026,True,108,0.0006842394535455654,1056,990
256,b_C_vs_M,-0.04048711974163992,True,114,0.0005454289195960804,1048,990
256,b_S_vs_M,-0.01257776065148794,True,114,0.0005454289195960804,1048,990
257,b_C_vs_M,-0.039371627404679144,True,103,0.0009645767224433222,1055,990
257,b_S_vs_M,-0.02751594253663404,True,103,0.0009645767224433222,1055,990
258,b_C_vs_M,-0.04152561875919951,True,106,0.0005421244973498052,1063,990
258,b_S_vs_M,-0.012370859947631638,True,106,0.0005421244973498052,1063,990
259,b_C_vs_M,-0.04239828720588371,True,109,0.00139578767012849,1051,990
259,b_S_vs_M,-0.0238928444573411,True,109,0.00139578767012849,1051,990
260,b_C_vs_M,-0.032518673431068894,True,98,0.0011589736166860432,1055,990
260,b_S_vs_M,-0.01890864487609563,True,98,0.0011589736166860432,1055,990
261,b_C_vs_M,-0.038478578813977864,True,119,0.00044870781675032667,1054,990
261,b_S_vs_M,-0.021451951885994486,True,119,0.00044870781675032667,1054,990
262,b_C_vs_M,-0.041584764208125305,True,109,0.0007110821676334922,1053,990
262,b_S_vs_M,-0.04221083029884389,True,109,0.0007110821676334922,1053,990
263,b_C_vs_M,-0.03095216117776486,True,107,0.0008838937104194144,1068,990
263,b_S_vs_M,-0.011622295644358658,True,107,0.0008838937104194144,1068,990
264,b_C_vs_M,-0.037490625584259,True,98,0.003329458509143901,1047,990
264,b_S_vs_M,-0.01860742147342232,True,98,0.003329458509143901,1047,990
265,b_C_vs_M,-0.03107309288285181,True,107,0.001055877903712421,1060,990
265,b_S_vs_M,-0.027672323359545878,True,107,0.001055877903712421,1060,990
266,b_C_vs_M,-0.04996669183774478,True,107,0.006178440886826397,1063,990
266,b_S_vs_M,-0.026630849386942903,True,107,0.006178440886826397,1063,990
267,b_C_vs_M,-0.037645010666513386,True,100,0.0011047848140388616,1063,990
267,b_S_vs_M,-0.030895826055273145,True,100,0.0011047848140388616,1063,990
268,b_C_vs_M,-0.044319297966465346,True,107,0.0009456727950882815,1072,990
268,b_S_vs_M,-0.01462224681804334,True,107,0.0009456727950882815,1072,990
269,b_C_vs_M,-0.04325928532915211,True,103,0.0014471080168765305,1051,990
269,b_S_vs_M,-0.025643922428351378,True,103,0.0014471080168765305,1051,990
270,b_C_vs_M,-0.021452127972981024,True,105,0.0013311728299714165,1049,990
270,b_S_vs_M,-0.005756958941243292,True,105,0.0013311728299714165,1049,990
271,b_C_vs_M,-0.02193720069682983,True,120,0.0005212893845074618,1049,990
271,b_S_vs_M,-0.01693186462799044,True,120,0.0005212893845074618,1049,990
272,b_C_vs_M,-0.040019652575226786,True,110,0.001106093326475835,1056,990
272,b_S_vs_M,-0.030434088825909592,True,110,0.001106093326475835,1056,990
273,b_C_vs_M,-0.021508706580049462,True,110,0.0005735408197304892,1062,990
273,b_S_vs_M,0.0013693100561469177,True,110,0.0005735408197304892,1062,990
274,b_C_vs_M,-0.02141270662290733,True,113,0.002037501274512188,1064,990
274,b_S_vs_M,-0.017018905532564476,True,113,0.002037501274512188,1064,990
275,b_C_vs_M,-0.038647212240066356,True,107,0.0016314971128643663,1069,990
275,b_S_vs_M,-0.025750088157642348,True,107,0.0016314971128643663,1069,990
276,b_C_vs_M,-0.02753322853943415,True,98,0.0012998961601973225,1058,990
276,b_S_vs_M,-0.011442470770246165,True,98,0.0012998961601973225,1058,990
277,b_C_vs_M,-0.036344744724112754,True,123,0.0010085591232504854,1060,990
277,b_S_vs_M,-0.03643400737361575,True,123,0.0010085591232504854,1060,990
278,b_C_vs_M,-0.03621373981524304,True,108,0.001238303816702313,1063,990
278,b_S_vs_M,-0.03125959613153698,True,108,0.001238303816702313,1063,990
279,b_C_vs_M,-0.030976862055827267,True,105,0.00038208180949261816,1052,990
279,b_S_vs_M,-0.012108510105946439,True,105,0.00038208180949261816,1052,990
280,b_C_vs_M,-0.040675306229944364,True,112,0.005289596603796909,1058,990
280,b_S_vs_M,-0.029876227271235473,True,112,0.005289596603796909,1058,990
281,b_C_vs_M,-0.02968140932450196,True,117,0.002316905327478358,1069,990
281,b_S_vs_M,-0.024539319993789315,True,117,0.002316905327478358,1069,990
282,b_C_vs_M,-0.035278289724691665,True,111,0.0004894034832796379,1061,990
282,b_S_vs_M,-0.017994929745324854,True,111,0.0004894034832796379,1061,990
283,b_C_vs_M,-0.025644694020696107,True,117,0.0015785469914210148,1072,990
283,b_S_vs_M,-0.014800109436153772,True,117,0.0015785469914210148,1072,990
284,b_C_vs_M,-0.037147607017380284,True,102,0.0004714713476328125,1051,990
284,b_S_vs_M,-0.025876671075091773,True,102,0.0004714713476328125,1051,990
285,b_C_vs_M,-0.04146723380707524,True,120,0.0028077234235326376,1064,990
285,b_S_vs_M,-0.03718469409155624,True,120,0.0028077234235326376,1064,990
286,b_C_vs_M,-0.03691451730326065,True,97,0.0004679479342266646,1062,990
286,b_S_vs_M,-0.01995241903670511,True,97,0.0004679479342266646,1062,990
287,b_C_vs_M,-0.034826861169983805,True,99,0.00039028442595867574,1055,990
287,b_S_vs_M,-0.013045393716030779,True,99,0.00039028442595867574,1055,990
288,b_C_vs_M,-0.0413791461969922,True,101,0.003204810877503572,1052,990
288,b_S_vs_M,-0.030142359645236837,True,101,0.003204810877503572,1052,990
289,b_C_vs_M,-0.0393845240645793,True,101,0.00034700247188568234,1068,990
289,b_S_vs_M,-0.01494283934608367,True,101,0.00034700247188568234,1068,990
290,b_C_vs_M,-0.03337467333077922,True,107,0.0006532099453027129,1068,990
290,b_S_vs_M,-0.015282599048319648,True,107,0.0006532099453027129,1068,990
291,b_C_vs_M,-0.03943580717115501,True,115,0.0020303251837648917,1064,990
291,b_S_vs_M,-0.027839685979448567,True,115,0.0020303251837648917,1064,990
292,b_C_vs_M,-0.03959545175601067,True,117,0.00015091259734867357,1057,990
292,b_S_vs_M,-0.013378937994523702,True,117,0.00015091259734867357,1057,990
293,b_C_vs_M,-0.03391862428271017,True,116,0.001715901885961324,1061,990
293,b_S_vs_M,-0.03005082997516255,True,116,0.001715901885961324,1061,990
294,b_C_vs_M,-0.04402354180851475,True,101,0.0016888953985856325,1052,990
294,b_S_vs_M,-0.031619842883417036,True,101,0.0016888953985856325,1052,990
295,b_C_vs_M,-0.038571239046799495,True,100,0.0022357390650813436,1063,990
295,b_S_vs_M,-0.02704152316030596,True,100,0.0022357390650813436,1063,990
296,b_C_vs_M,-0.03861005064586914,True,99,0.00035579165546179015,1050,990
296,b_S_vs_M,-0.021686627102517026,True,99,0.00035579165546179015,1050,990
297,b_C_vs_M,-0.031239744163798076,True,99,0.0014928564381666565,1066,990
297,b_S_vs_M,-0.021842060323106444,True,99,0.0014928564381666565,1066,990
298,b_C_vs_M,-0.033113595414691215,True,107,0.000610757518669347,1064,990
298,b_S_vs_M,-0.00032451549145006743,True,107,0.000610757518669347,1064,990
299,b_C_vs_M,-0.03945806869853788,True,106,0.0015379690269896606,1065,990
299,b_S_vs_M,-0.02108726075350213,True,106,0.0015379690269896606,1065,990
300,b_C_vs_M,-0.03201028408180398,True,106,0.0011236032526432682,1066,990
300,b_S_vs_M,-0.009752060973046326,True,106,0.0011236032526432682,1066,990
301,b_C_vs_M,-0.034076027514299466,True,105,0.0018876887308110213,1053,990
301,b_S_vs_M,-0.01819389277864257,True,105,0.0018876887308110213,1053,990
302,b_C_vs_M,-0.03540405368555933,True,102,0.001643288849413893,1053,990
302,b_S_vs_M,-0.011038933145832638,True,102,0.001643288849413893,1053,990
303,b_C_vs_M,-0.03373817997043093,True,108,0.0010656920763333355,1052,990
303,b_S_vs_M,-0.016327314302554668,True,108,0.0010656920763333355,1052,990
304,b_C_vs_M,-0.04120854058302646,True,118,0.0005924768652517676,1074,990
304,b_S_vs_M,-0.02367881503135141,True,118,0.0005924768652517676,1074,990
305,b_C_vs_M,-0.0292956460637587,True,108,0.001200883609639769,1057,990
305,b_S_vs_M,-0.015183365052706767,True,108,0.001200883609639769,1057,990
306,b_C_vs_M,-0.04434791941994211,True,111,0.0009831538921813987,1064,990
306,b_S_vs_M,-0.018641881939978767,True,111,0.0009831538921813987,1064,990
307,b_C_vs_M,-0.03591604362873522,True,117,0.002048931458997316,1056,990
307,b_S_vs_M,-0.02958200460867551,True,117,0.002048931458997316,1056,990
308,b_C_vs_M,-0.028469149973193702,True,106,0.0016619055962090457,1059,990
308,b_S_vs_M,-0.017962452412091708,True,106,0.0016619055962090457,1059,990
309,b_C_vs_M,-0.019501534060381055,True,112,0.001933739217662378,1055,990
309,b_S_vs_M,-0.017265019247365364,True,112,0.001933739217662378,1055,990
310,b_C_vs_M,-0.050726308147610685,True,103,0.0009709390245156158,1073,990
310,b_S_vs_M,-0.02816061987279108,True,103,0.0009709390245156158,1073,990
311,b_C_vs_M,-0.032861541478165175,True,103,0.0006435737537795472,1051,990
311,b_S_vs_M,-0.02055630835061663,True,103,0.0006435737537795472,1051,990
312,b_C_vs_M,-0.038484378986216615,True,107,0.0009239046602633749,1058,990
312,b_S_vs_M,-0.01725062912825636,True,107,0.0009239046602633749,1058,990
313,b_C_vs_M,-0.04834087340474072,True,110,0.0031943114183536903,1079,990
313,b_S_vs_M,-0.006163878722162805,True,110,0.0031943114183536903,1079,990
314,b_C_vs_M,-0.03547082235635508,True,119,0.001752797774796755,1052,990
314,b_S_vs_M,0.00480582445114048,True,119,0.001752797774796755,1052,990
315,b_C_vs_M,-0.024858779667274268,True,97,0.0006499695265183014,1054,990
315,b_S_vs_M,-0.005707174426924835,True,97,0.0006499695265183014,1054,990
316,b_C_vs_M,-0.028111276608560068,True,108,0.0006630139648255984,1055,990
316,b_S_vs_M,-0.01892882093880716,True,108,0.0006630139648255984,1055,990
317,b_C_vs_M,-0.040397277892909395,True,110,0.003080955465715962,1057,990
317,b_S_vs_M,-0.03380935562558217,True,110,0.003080955465715962,1057,990
318,b_C_vs_M,-0.037101715007083064,True,114,0.00040629373082756715,1051,990
318,b_S_vs_M,-0.024029302224451245,True,114,0.00040629373082756715,1051,990
319,b_C_vs_M,-0.04498723563593444,True,108,0.0008321192314701964,1063,990
319,b_S_vs_M,-0.02337484909804284,True,108,0.0008321192314701964,1063,990
320,b_C_vs_M,-0.025149544670554854,True,108,0.001992073295911112,1052,990
320,b_S_vs_M,-0.016740961729584503,True,108,0.001992073295911112,1052,990
321,b_C_vs_M,-0.02021809388672113,True,116,0.000943422417997497,1059,990
321,b_S_vs_M,-0.022075867336008588,True,116,0.000943422417997497,1059,990
322,b_C_vs_M,-0.02834630509149694,True,118,0.0019813849042877862,1061,990
322,b_S_vs_M,-0.019130089386909424,True,118,0.0019813849042877862,1061,990
323,b_C_vs_M,-0.036259643248412195,True,102,0.00048182273282826316,1058,990
323,b_S_vs_M,-0.03224609008925087,True,102,0.00048182273282826316,1058,990
324,b_C_vs_M,-0.042869302395716236,True,116,0.0015639129354692582,1064,990
324,b_S_vs_M,-0.02031799944358077,True,116,0.0015639129354692582,1064,990
325,b_C_vs_M,-0.036170021778731604,True,103,0.0012932344571433552,1053,990
325,b_S_vs_M,-0.02901746663186168,True,103,0.0012932344571433552,1053,990
326,b_C_vs_M,-0.03139181107193472,True,106,0.0005113374383953762,1052,990
326,b_S_vs_M,-0.025510164416373073,True,106,0.0005113374383953762,1052,990
327,b_C_vs_M,-0.033857576670878874,True,102,0.001796117820608345,1055,990
327,b_S_vs_M,-0.014723638677971341,True,102,0.001796117820608345,1055,990
328,b_C_vs_M,-0.04023635389523697,True,111,0.00045204830386658124,1051,990
328,b_S_vs_M,-0.014783169414194986,True,111,0.00045204830386658124,1051,990
329,b_C_vs_M,-0.03613918831408661,True,107,0.0006327137860486776,1055,990
329,b_S_vs_M,-0.02343392389496229,True,107,0.0006327137860486776,1055,990
330,b_C_vs_M,-0.033583177916900506,True,101,0.0012480031085767562,1036,990
330,b_S_vs_M,-0.01814125528124854,True,101,0.0012480031085767562,1036,990
331,b_C_vs_M,-0.03136014903185229,True,108,0.0006401323111402402,1057,990
331,b_S_vs_M,-0.028431541540721746,True,108,0.0006401323111402402,1057,990
332,b_C_vs_M,-0.03814449833349972,True,112,0.0007430302672699618,1059,990
332,b_S_vs_M,-0.03613922114302151,True,112,0.0007430302672699618,1059,990
333,b_C_vs_M,-0.02183704352231039,True,111,0.0003781785713781183,1063,990
333,b_S_vs_M,-0.009540877525143224,True,111,0.0003781785713781183,1063,990
334,b_C_vs_M,-0.04117576371241339,True,104,0.00047943564014829576,1045,990
334,b_S_vs_M,-0.034979300641993324,True,104,0.00047943564014829576,1045,990
335,b_C_vs_M,-0.03912437246278586,True,108,0.00043749357853783977,1062,990
335,b_S_vs_M,-0.025449078655664932,True,108,0.00043749357853783977,1062,990
336,b_C_vs_M,-0.05147838254048569,True,111,0.0007878158659017087,1065,990
336,b_S_vs_M,-0.030954322037389778,True,111,0.0007878158659017087,1065,990
337,b_C_vs_M,-0.018230604432234548,True,101,0.003473667955700366,1060,990
337,b_S_vs_M,-0.03288643790220645,True,101,0.003473667955700366,1060,990
338,b_C_vs_M,-0.039676564461133074,True,115,0.00237133106922105,1064,990
338,b_S_vs_M,-0.022203550697616887,True,115,0.00237133106922105,1064,990
339,b_C_vs_M,-0.03615719645151145,True,114,0.0012802405907059722,1048,990
339,b_S_vs_M,-0.016742321274325928,True,114,0.0012802405907059722,1048,990
340,b_C_vs_M,-0.02543896798188543,True,99,0.0004566224104338712,1050,990
340,b_S_vs_M,-0.013591282561669187,True,99,0.0004566224104338712,1050,990
341,b_C_vs_M,-0.030180191157976967,True,109,0.002258485895307638,1063,990
341,b_S_vs_M,-0.022660637316098176,True,109,0.002258485895307638,1063,990
342,b_C_vs_M,-0.026159502133472356,True,95,0.00037379034161855174,1061,990
342,b_S_vs_M,0.0035607230080649415,True,95,0.00037379034161855174,1061,990
343,b_C_vs_M,-0.0417852940679731,True,110,0.001815984848569041,1060,990
343,b_S_vs_M,-0.005947803261459057,True,110,0.001815984848569041,1060,990
344,b_C_vs_M,-0.030908188191867088,True,101,0.0018287689657903172,1054,990
344,b_S_vs_M,-0.0299484727077025,True,101,0.0018287689657903172,1054,990
345,b_C_vs_M,-0.02187387511326725,True,103,0.0002690339666271413,1066,990
345,b_S_vs_M,-0.012836124776097772,True,103,0.0002690339666271413,1066,990
346,b_C_vs_M,-0.034179226270875517,True,122,0.0024380704836284295,1059,990
346,b_S_vs_M,-0.0186466113990885,True,122,0.0024380704836284295,1059,990
347,b_C_vs_M,-0.027715929614782024,True,117,0.0009384793240947431,1067,990
347,b_S_vs_M,-0.007094304024193458,True,117,0.0009384793240947431,1067,990
348,b_C_vs_M,-0.04254031715912773,True,105,0.002011906962140375,1059,990
348,b_S_vs_M,-0.017655147954824646,True,105,0.002011906962140375,1059,990
349,b_C_vs_M,-0.03560601066299963,True,108,0.0002245240839304219,1046,990
349,b_S_vs_M,-0.022580084596520507,True,108,0.0002245240839304219,1046,990
350,b_C_vs_M,-0.03981999826010722,True,113,0.0017958003720783822,1058,990
350,b_S_vs_M,-0.03108345299545121,True,113,0.0017958003720783822,1058,990
351,b_C_vs_M,-0.030481565224635486,True,105,0.0005345779515217863,1076,990
351,b_S_vs_M,-0.01644528472434086,True,105,0.0005345779515217863,1076,990
352,b_C_vs_M,-0.031018749495211162,True,105,0.004070448976979613,1071,990
352,b_S_vs_M,-0.013292042372481036,True,105,0.004070448976979613,1071,990
353,b_C_vs_M,-0.0356238106147112,True,110,0.000509874288024792,1064,990
353,b_S_vs_M,-0.010384315542149922,True,110,0.000509874288024792,1064,990
354,b_C_vs_M,-0.02622375828594107,True,109,0.0009824301166365679,1056,990
354,b_S_vs_M,-0.009892365082493223,True,109,0.0009824301166365679,1056,990
355,b_C_vs_M,-0.02784892203391142,True,117,0.0011471584879720886,1056,990
355,b_S_vs_M,-0.030863432195654843,True,117,0.0011471584879720886,1056,990
356,b_C_vs_M,-0.03251074158167806,True,109,0.0009454129671429001,1056,990
356,b_S_vs_M,-0.019887180181543722,True,109,0.0009454129671429001,1056,990
357,b_C_vs_M,-0.042097747580647465,True,107,0.001103961127335129,1054,990
357,b_S_vs_M,-0.031000279847655878,True,107,0.001103961127335129,1054,990
358,b_C_vs_M,-0.046918956510253775,True,98,0.0015434860455362243,1066,990
358,b_S_vs_M,-0.014799849896929436,True,98,0.0015434860455362243,1066,990
359,b_C_vs_M,-0.031080514466033198,True,90,0.0008900434651991085,1069,990
359,b_S_vs_M,-0.011246448290928898,True,90,0.0008900434651991085,1069,990
360,b_C_vs_M,-0.03898829628679961,True,113,0.0007138861504776273,1079,990
360,b_S_vs_M,-0.017267212400861168,True,113,0.0007138861504776273,1079,990
361,b_C_vs_M,-0.034728415118949196,True,100,0.0007602478880264218,1065,990
361,b_S_vs_M,-0.02327702597133772,True,100,0.0007602478880264218,1065,990
362,b_C_vs_M,-0.03264829796627508,True,122,0.0006026836079118247,1075,990
362,b_S_vs_M,-0.016973204693416517,True,122,0.0006026836079118247,1075,990
363,b_C_vs_M,-0.04228947140650026,True,123,0.0006228009136579615,1060,990
363,b_S_vs_M,-0.01979341238966894,True,123,0.0006228009136579615,1060,990
364,b_C_vs_M,-0.013755964686940347,True,112,0.000853731103399924,1072,990
364,b_S_vs_M,-0.005526568736373061,True,112,0.000853731103399924,1072,990
365,b_C_vs_M,-0.032891198010538907,True,106,0.0002764647751285487,1060,990
365,b_S_vs_M,-0.01950230680764804,True,106,0.0002764647751285487,1060,990
366,b_C_vs_M,-0.041624846216594874,True,110,0.000708835926987561,1063,990
366,b_S_vs_M,-0.02895180177746764,True,110,0.000708835926987561,1063,990
367,b_C_vs_M,-0.02592143804451911,True,109,0.0015499352491640805,1072,990
367,b_S_vs_M,-0.011105776052223681,True,109,0.0015499352491640805,1072,990
368,b_C_vs_M,-0.03769032665539967,True,102,0.0010296125877046203,1064,990
368,b_S_vs_M,-0.012160867740849617,True,102,0.0010296125877046203,1064,990
369,b_C_vs_M,-0.03396753663130078,True,97,0.00296277307305548,1052,990
369,b_S_vs_M,-0.010183076906156562,True,97,0.00296277307305548,1052,990
370,b_C_vs_M,-0.04661067563301376,True,107,0.000977582060857518,1064,990
370,b_S_vs_M,-0.022453444208827698,True,107,0.000977582060857518,1064,990
371,b_C_vs_M,-0.0187114292880486,True,109,0.0005108786514522734,1063,990
371,b_S_vs_M,-0.006546530189019133,True,109,0.0005108786514522734,1063,990
372,b_C_vs_M,-0.04902206415958813,True,126,0.0015391440750049945,1067,990
372,b_S_vs_M,-0.01136882509155826,True,126,0.0015391440750049945,1067,990
373,b_C_vs_M,-0.03532890895660808,True,109,0.00022940070440125027,1049,990
373,b_S_vs_M,-0.03751786014643724,True,109,0.00022940070440125027,1049,990
374,b_C_vs_M,-0.031392721572508164,True,109,0.0008079878449329669,1064,990
374,b_S_vs_M,-0.020216477369972185,True,109,0.0008079878449329669,1064,990
375,b_C_vs_M,-0.040007193032663736,True,117,0.001063486971199623,1055,990
375,b_S_vs_M,-0.02932758298130547,True,117,0.001063486971199623,1055,990
376,b_C_vs_M,-0.026521949128322654,True,104,0.0005905325100050707,1065,990
376,b_S_vs_M,-0.01771710661969517,True,104,0.0005905325100050707,1065,990
377,b_C_vs_M,-0.0354977906716948,True,120,0.003362090218897218,1065,990
377,b_S_vs_M,-0.013603182994146337,True,120,0.003362090218897218,1065,990
378,b_C_vs_M,-0.031173888268999157,True,101,0.0007604550137652044,1038,990
378,b_S_vs_M,-0.03530927378767508,True,101,0.0007604550137652044,1038,990
379,b_C_vs_M,-0.02460166911016802,True,97,0.0016992508614734614,1060,990
379,b_S_vs_M,-0.022332326338139634,True,97,0.0016992508614734614,1060,990
380,b_C_vs_M,-0.03619305732492321,True,103,0.00045788779818356495,1073,990
380,b_S_vs_M,-0.0350541304334118,True,103,0.00045788779818356495,1073,990
381,b_C_vs_M,-0.03336640465492879,True,101,0.0030000190018757422,1045,990
381,b_S_vs_M,-0.02924618160126691,True,101,0.0030000190018757422,1045,990
382,b_C_vs_M,-0.03510874120826274,True,115,0.00121995802555519,1066,990
382,b_S_vs_M,-0.020509644004930144,True,115,0.00121995802555519,1066,990
383,b_C_vs_M,-0.031984649652852866,True,119,0.001824922602136625,1072,990
383,b_S_vs_M,-0.034925245501754645,True,119,0.001824922602136625,1072,990
384,b_C_vs_M,-0.027016555168487114,True,106,0.0019411615354152367,1061,990
384,b_S_vs_M,-0.02809415526911189,True,106,0.0019411615354152367,1061,990
385,b_C_vs_M,-0.05544968753496903,True,119,0.00045839175464035264,1051,990
385,b_S_vs_M,-0.03524835332469213,True,119,0.00045839175464035264,1051,990
386,b_C_vs_M,-0.03496463280528135,True,96,0.0006179896559100895,1060,990
386,b_S_vs_M,-0.019337931300511223,True,96,0.0006179896559100895,1060,990
387,b_C_vs_M,-0.04595033054955429,True,119,0.001247613345042975,1056,990
387,b_S_vs_M,-0.017075141212140703,True,119,0.001247613345042975,1056,990
388,b_C_vs_M,-0.03537480863785446,True,103,0.000981584428168647,1064,990
388,b_S_vs_M,-0.018843046249191104,True,103,0.000981584428168647,1064,990
389,b_C_vs_M,-0.04373435452932446,True,104,0.0033680739985173513,1065,990
389,b_S_vs_M,-0.030666676939122083,True,104,0.0033680739985173513,1065,990
390,b_C_vs_M,-0.039879701600195105,True,99,0.0035622486369880635,1056,990
390,b_S_vs_M,-0.02433573749844787,True,99,0.0035622486369880635,1056,990
391,b_C_vs_M,-0.026720796589652422,True,96,0.004105934808115608,1052,990
391,b_S_vs_M,-0.007335289066338679,True,96,0.004105934808115608,1052,990
392,b_C_vs_M,-0.043150707737949705,True,110,0.00034923275797971165,1065,990
392,b_S_vs_M,-0.010668663520493882,True,110,0.00034923275797971165,1065,990
393,b_C_vs_M,-0.02118821204810898,True,112,0.0019719711511619886,1063,990
393,b_S_vs_M,-0.009158807978742595,True,112,0.0019719711511619886,1063,990
394,b_C_vs_M,-0.02016733363199484,True,128,0.0004379911998593222,1062,990
394,b_S_vs_M,-0.028530407961177017,True,128,0.0004379911998593222,1062,990
395,b_C_vs_M,-0.028626819272915695,True,104,0.0025985271159723045,1061,990
395,b_S_vs_M,-0.02549824484148502,True,104,0.0025985271159723045,1061,990
396,b_C_vs_M,-0.041512371587355684,True,103,0.0009555698071295193,1072,990
396,b_S_vs_M,-0.012255549740538562,True,103,0.0009555698071295193,1072,990
397,b_C_vs_M,-0.0356620077253218,True,116,0.0018680931531245282,1047,990
397,b_S_vs_M,-0.0233161677501107,True,116,0.0018680931531245282,1047,990
398,b_C_vs_M,-0.03259250571900811,True,100,0.0013544988816227566,1051,990
398,b_S_vs_M,-0.02240026916797814,True,100,0.0013544988816227566,1051,990
399,b_C_vs_M,-0.03423726512049521,True,100,0.0010677584970408271,1061,990
399,b_S_vs_M,-0.028926080210954122,True,100,0.0010677584970408271,1061,990
400,b_C_vs_M,-0.04035004173676881,True,106,0.0011252873360723115,1057,990
400,b_S_vs_M,-0.01957232087363595,True,106,0.0011252873360723115,1057,990
401,b_C_vs_M,-0.02053950535310735,True,102,0.009527710957487612,1067,990
401,b_S_vs_M,-0.02203301445014005,True,102,0.009527710957487612,1067,990
402,b_C_vs_M,-0.047272146663002654,True,108,0.0007295722247274705,1060,990
402,b_S_vs_M,-0.01410790277294256,True,108,0.0007295722247274705,1060,990
403,b_C_vs_M,-0.039999024720456605,True,105,0.0006415874286763712,1059,990
403,b_S_vs_M,-0.012179063414768536,True,105,0.0006415874286763712,1059,990
404,b_C_vs_M,-0.03225608185696705,True,103,0.0010859557980141127,1053,990
404,b_S_vs_M,-0.008345222850110343,True,103,0.0010859557980141127,1053,990
405,b_C_vs_M,-0.04473717753812791,True,98,0.0009507308324618879,1067,990
405,b_S_vs_M,-0.016352433038050746,True,98,0.0009507308324618879,1067,990
406,b_C_vs_M,-0.034400913954555135,True,112,0.0003259429261055491,1082,990
406,b_S_vs_M,-0.022834105094944945,True,112,0.0003259429261055491,1082,990
407,b_C_vs_M,-0.03603697337741547,True,110,0.0007997002952614407,1070,990
407,b_S_vs_M,-0.014814279794769188,True,110,0.0007997002952614407,1070,990
408,b_C_vs_M,-0.026699811177029298,True,116,0.0020062144920243163,1054,990
408,b_S_vs_M,-0.017832800130339062,True,116,0.0020062144920243163,1054,990
409,b_C_vs_M,-0.03889281304376041,True,119,0.0013755591758264352,1054,990
409,b_S_vs_M,-0.018644582912188578,True,119,0.0013755591758264352,1054,990
410,b_C_vs_M,-0.032752487790460576,True,102,0.0003440798315965665,1053,990
410,b_S_vs_M,0.00013687420689497982,True,102,0.0003440798315965665,1053,990
411,b_C_vs_M,-0.01682941683281272,True,123,0.003528500907511667,1065,990
411,b_S_vs_M,-0.004954135814420656,True,123,0.003528500907511667,1065,990
412,b_C_vs_M,-0.03593482334176627,True,126,0.004219299234563767,1061,990
412,b_S_vs_M,-0.020632727191903472,True,126,0.004219299234563767,1061,990
413,b_C_vs_M,-0.03570474325899367,True,99,0.0013175836914320893,1063,990
413,b_S_vs_M,-0.008498732594257494,True,99,0.0013175836914320893,1063,990
414,b_C_vs_M,-0.03018040636518972,True,98,0.0045728544491066,1065,990
414,b_S_vs_M,-0.017909007578997542,True,98,0.0045728544491066,1065,990
415,b_C_vs_M,-0.03603993656416955,True,103,0.0014953504943286053,1048,990
415,b_S_vs_M,-0.030469685651637976,True,103,0.0014953504943286053,1048,990
416,b_C_vs_M,-0.052140878073684005,True,108,0.0006673785061188653,1051,990
416,b_S_vs_M,-0.030797430083469777,True,108,0.0006673785061188653,1051,990
417,b_C_vs_M,-0.034824156415974784,True,92,0.0006384145098627947,1058,990
417,b_S_vs_M,-0.018335706986232398,True,92,0.0006384145098627947,1058,990
418,b_C_vs_M,-0.03877775355251668,True,108,0.0012143140750002779,1067,990
418,b_S_vs_M,-0.04350121929349898,True,108,0.0012143140750002779,1067,990
419,b_C_vs_M,-0.030000507573170045,True,109,0.0031792065191940666,1058,990
419,b_S_vs_M,-0.026221543362816953,True,109,0.0031792065191940666,1058,990
420,b_C_vs_M,-0.040436196328813144,True,117,0.00046682583652102316,1053,990
420,b_S_vs_M,-0.02312457101012743,True,117,0.00046682583652102316,1053,990
421,b_C_vs_M,-0.025928582789803475,True,108,0.003133944396831234,1062,990
421,b_S_vs_M,-0.022976229444484134,True,108,0.003133944396831234,1062,990
422,b_C_vs_M,-0.02846408446340866,True,101,0.0009021207108381724,1056,990
422,b_S_vs_M,-0.011164870285708402,True,101,0.0009021207108381724,1056,990
423,b_C_vs_M,-0.0352275999848657,True,114,0.00048650355525170497,1069,990
423,b_S_vs_M,-0.022183822299480068,True,114,0.00048650355525170497,1069,990
424,b_C_vs_M,-0.041785593755525936,True,113,0.003044140752151092,1057,990
424,b_S_vs_M,-0.017858823636973244,True,113,0.003044140752151092,1057,990
425,b_C_vs_M,-0.04526897898919235,True,109,0.005555811009924305,1073,990
425,b_S_vs_M,-0.019317934095666286,True,109,0.005555811009924305,1073,990
426,b_C_vs_M,-0.022699496431467407,True,119,0.00039484587491567247,1067,990
426,b_S_vs_M,-0.011208134005035668,True,119,0.00039484587491567247,1067,990
427,b_C_vs_M,-0.03191311690809885,True,114,0.00041879303608508,1055,990
427,b_S_vs_M,-0.022077933329013626,True,114,0.00041879303608508,1055,990
428,b_C_vs_M,-0.0335233429655222,True,106,0.0006312500970935275,1058,990
428,b_S_vs_M,-0.034041611474716064,True,106,0.0006312500970935275,1058,990
429,b_C_vs_M,-0.044910393914494015,True,111,0.0005275411708547395,1066,990
429,b_S_vs_M,-0.016007571461492513,True,111,0.0005275411708547395,1066,990
430,b_C_vs_M,-0.03737894204257207,True,107,0.0006415155187265986,1054,990
430,b_S_vs_M,-0.02524917116812366,True,107,0.0006415155187265986,1054,990
431,b_C_vs_M,-0.027477100018821702,True,111,0.0006840522461845078,1051,990
431,b_S_vs_M,-0.016143312737685444,True,111,0.0006840522461845078,1051,990
432,b_C_vs_M,-0.036367865198314225,True,116,0.0005614094322752006,1072,990
432,b_S_vs_M,-0.02166781864549084,True,116,0.0005614094322752006,1072,990
433,b_C_vs_M,-0.04089151420838829,True,120,0.0018602956986980557,1053,990
433,b_S_vs_M,-0.026765673104874058,True,120,0.0018602956986980557,1053,990
434,b_C_vs_M,-0.03434213643982239,True,119,0.0009853802632013853,1046,990
434,b_S_vs_M,-0.02358247253591951,True,119,0.0009853802632013853,1046,990
435,b_C_vs_M,-0.03036153294596853,True,119,0.0009153234510630159,1052,990
435,b_S_vs_M,-0.03478645915155385,True,119,0.0009153234510630159,1052,990
436,b_C_vs_M,-0.03166851244972329,True,109,0.0030464448527816046,1061,990
436,b_S_vs_M,-0.012048262275446283,True,109,0.0030464448527816046,1061,990
437,b_C_vs_M,-0.040341885177063774,True,113,0.0011187226339646195,1055,990
437,b_S_vs_M,-0.014795783615382696,True,113,0.0011187226339646195,1055,990
438,b_C_vs_M,-0.06081110222028594,True,114,0.0019531294742893834,1058,990
438,b_S_vs_M,-0.019962703760308315,True,114,0.0019531294742893834,1058,990
439,b_C_vs_M,-0.04027841753094863,True,101,0.0009730965548671033,1044,990
439,b_S_vs_M,-0.03296305490568241,True,101,0.0009730965548671033,1044,990
440,b_C_vs_M,-0.03743431212259174,True,119,0.003414934983264839,1058,990
440,b_S_vs_M,-0.002135695942773407,True,119,0.003414934983264839,1058,990
441,b_C_vs_M,-0.03863115517791974,True,101,0.0009703896374462229,1073,990
441,b_S_vs_M,-0.016346084159884984,True,101,0.0009703896374462229,1073,990
442,b_C_vs_M,-0.036753661414703286,True,104,0.0009396224707614032,1049,990
442,b_S_vs_M,-0.02193123337745342,True,104,0.0009396224707614032,1049,990
443,b_C_vs_M,-0.0332855968343552,True,110,0.00046001139754903164,1060,990
443,b_S_vs_M,-0.01805864396607294,True,110,0.00046001139754903164,1060,990
444,b_C_vs_M,-0.03202074146286619,True,112,0.0008820894156742476,1055,990
444,b_S_vs_M,-0.013877817781203984,True,112,0.0008820894156742476,1055,990
445,b_C_vs_M,-0.023682702803263105,True,106,0.002763798801564299,1059,990
445,b_S_vs_M,-0.017309793515797454,True,106,0.002763798801564299,1059,990
446,b_C_vs_M,-0.02849686832976937,True,108,0.001120162513378764,1060,990
446,b_S_vs_M,-0.012407612251287186,True,108,0.001120162513378764,1060,990
447,b_C_vs_M,-0.03877070238307909,True,110,0.0005306815505247142,1070,990
447,b_S_vs_M,-0.008969538598886282,True,110,0.0005306815505247142,1070,990
448,b_C_vs_M,-0.0360471348733823,True,112,0.0009501173374463767,1083,990
448,b_S_vs_M,0.006358703766335177,True,112,0.0009501173374463767,1083,990
449,b_C_vs_M,-0.03052809028876229,True,120,0.0017331163385598813,1069,990
449,b_S_vs_M,-0.011792257147119,True,120,0.0017331163385598813,1069,990
450,b_C_vs_M,-0.03553378699367198,True,114,0.0009442552689087336,1054,990
450,b_S_vs_M,-0.022950187868520346,True,114,0.0009442552689087336,1054,990
451,b_C_vs_M,-0.03903420017337782,True,105,0.000823610241017958,1068,990
451,b_S_vs_M,-0.03268537084591401,True,105,0.000823610241017958,1068,990
452,b_C_vs_M,-0.040645450602418164,True,118,0.00047787421349210213,1054,990
452,b_S_vs_M,-0.024230039421516053,True,118,0.00047787421349210213,1054,990
453,b_C_vs_M,-0.03983530415646949,True,97,0.003106538113601509,1059,990
453,b_S_vs_M,-0.017911512468397037,True,97,0.003106538113601509,1059,990
454,b_C_vs_M,-0.03573366071439687,True,108,0.0002625111551601833,1050,990
454,b_S_vs_M,-0.022545617259271674,True,108,0.0002625111551601833,1050,990
455,b_C_vs_M,-0.05069270434349509,True,112,0.0020739743975251024,1056,990
455,b_S_vs_M,-0.016730684721151214,True,112,0.0020739743975251024,1056,990
456,b_C_vs_M,-0.0326557218361642,True,101,0.001395417213868766,1062,990
456,b_S_vs_M,-0.020842738560384447,True,101,0.001395417213868766,1062,990
457,b_C_vs_M,-0.021776699750351288,True,108,0.000581055073433645,1062,990
457,b_S_vs_M,-0.021957713274141158,True,108,0.000581055073433645,1062,990
458,b_C_vs_M,-0.03353712312497998,True,110,0.001262901552335105,1054,990
458,b_S_vs_M,-0.01836882549906773,True,110,0.001262901552335105,1054,990
459,b_C_vs_M,-0.022851631548097995,True,99,0.0008307312046076376,1058,990
459,b_S_vs_M,-0.017918224758776073,True,99,0.0008307312046076376,1058,990
460,b_C_vs_M,-0.02191375117882321,True,98,0.0006940073193524299,1057,990
460,b_S_vs_M,-0.02215809888047583,True,98,0.0006940073193524299,1057,990
461,b_C_vs_M,-0.037187272815212336,True,108,0.002095541265639156,1045,990
461,b_S_vs_M,-0.031246119201629938,True,108,0.002095541265639156,1045,990
462,b_C_vs_M,-0.03192030985724695,True,95,0.0032911817857441683,1068,990
462,b_S_vs_M,-0.023540639683495936,True,95,0.0032911817857441683,1068,990
463,b_C_vs_M,-0.04349721345837303,True,112,0.00041158071232394455,1075,990
463,b_S_vs_M,-0.028351471992241143,True,112,0.00041158071232394455,1075,990
464,b_C_vs_M,-0.03349695107491216,True,118,0.0014754732324162578,1060,990
464,b_S_vs_M,-0.023088875663597703,True,118,0.0014754732324162578,1060,990
465,b_C_vs_M,-0.0374931715846765,True,105,0.0007378513335574155,1054,990
465,b_S_vs_M,-0.034909785986561914,True,105,0.0007378513335574155,1054,990
466,b_C_vs_M,-0.03423183110968427,True,109,0.0006127571428113932,1071,990
466,b_S_vs_M,-0.023393100101477056,True,109,0.0006127571428113932,1071,990
467,b_C_vs_M,-0.043370823129668924,True,102,0.0015494915807630072,1074,990
467,b_S_vs_M,-0.02706105191359023,True,102,0.0015494915807630072,1074,990
468,b_C_vs_M,-0.037610651103980826,True,100,0.00031119326166928474,1057,990
468,b_S_vs_M,-0.02568421319487514,True,100,0.00031119326166928474,1057,990
469,b_C_vs_M,-0.03357209849208274,True,86,0.006830077973908777,1059,990
469,b_S_vs_M,-0.03231488559300829,True,86,0.006830077973908777,1059,990
470,b_C_vs_M,-0.03852347193532892,True,121,0.0004833321277377678,1062,990
470,b_S_vs_M,-0.02443652090610847,True,121,0.0004833321277377678,1062,990
471,b_C_vs_M,-0.035678717004476446,True,107,0.004652435144103517,1065,990
471,b_S_vs_M,-0.02653066729863223,True,107,0.004652435144103517,1065,990
472,b_C_vs_M,-0.0426457017989496,True,118,0.0008367898469895385,1058,990
472,b_S_vs_M,-0.02608698890127216,True,118,0.0008367898469895385,1058,990
473,b_C_vs_M,-0.040851163203090596,True,91,0.0027910435588891502,1056,990
473,b_S_vs_M,-0.03138799764372252,True,91,0.0027910435588891502,1056,990
474,b_C_vs_M,-0.03913053495541384,True,108,0.00585269149435802,1073,990
474,b_S_vs_M,-0.01837994136961172,True,108,0.00585269149435802,1073,990
475,b_C_vs_M,-0.03625975617148597,True,96,0.012304405233169113,1066,990
475,b_S_vs_M,-0.02146455957041582,True,96,0.012304405233169113,1066,990
476,b_C_vs_M,-0.03525324742089445,True,103,0.0025691134980923014,1064,990
476,b_S_vs_M,-0.027733015038335026,True,103,0.0025691134980923014,1064,990
477,b_C_vs_M,-0.03435661471067365,True,101,0.0008718375083572871,1049,990
477,b_S_vs_M,-0.012840002994072303,True,101,0.0008718375083572871,1049,990
478,b_C_vs_M,-0.03931830355385923,True,103,0.0009025725895837056,1063,990
478,b_S_vs_M,-0.025956883236529796,True,103,0.0009025725895837056,1063,990
479,b_C_vs_M,-0.04014827521798744,True,116,0.0005592188766341266,1055,990
479,b_S_vs_M,-0.03070064384264054,True,116,0.0005592188766341266,1055,990
480,b_C_vs_M,-0.033879649594417235,True,96,0.0005701228188303986,1065,990
480,b_S_vs_M,-0.03271886065359639,True,96,0.0005701228188303986,1065,990
481,b_C_vs_M,-0.045106038950723196,True,97,0.0017706727607782469,1074,990
481,b_S_vs_M,-0.017226815358326604,True,97,0.0017706727607782469,1074,990
482,b_C_vs_M,-0.03185740925066214,True,107,0.005107066467966215,1055,990
482,b_S_vs_M,-0.01030996328409881,True,107,0.005107066467966215,1055,990
483,b_C_vs_M,-0.043134121798399656,True,109,0.001590614610928881,1061,990
483,b_S_vs_M,-0.02212478709662979,True,109,0.001590614610928881,1061,990
484,b_C_vs_M,-0.031495836823513874,True,110,0.0007849952967018403,1079,990
484,b_S_vs_M,-0.033679275025507424,True,110,0.0007849952967018403,1079,990
485,b_C_vs_M,-0.05227905379198827,True,114,0.0024853762054080075,1065,990
485,b_S_vs_M,-0.024105449819668757,True,114,0.0024853762054080075,1065,990
486,b_C_vs_M,-0.034212240794895515,True,105,0.0009875936952719044,1058,990
486,b_S_vs_M,-0.009814771486001945,True,105,0.0009875936952719044,1058,990
487,b_C_vs_M,-0.05062619496938992,True,100,0.000653088187680062,1071,990
487,b_S_vs_M,-0.022638978624301635,True,100,0.000653088187680062,1071,990
488,b_C_vs_M,-0.046530656700499995,True,109,0.00047175903521612383,1061,990
488,b_S_vs_M,-0.018173844929182698,True,109,0.00047175903521612383,1061,990
489,b_C_vs_M,-0.023645769338721655,True,99,0.0007072776042835738,1075,990
489,b_S_vs_M,-0.015236365234145134,True,99,0.0007072776042835738,1075,990
490,b_C_vs_M,-0.026415536423246972,True,105,0.0020883073693882537,1056,990
490,b_S_vs_M,-0.032651367370536026,True,105,0.0020883073693882537,1056,990
491,b_C_vs_M,-0.0328640023131417,True,113,0.0011267987310947802,1061,990
491,b_S_vs_M,-0.03359678404191925,True,113,0.0011267987310947802,1061,990
492,b_C_vs_M,-0.026680441421552605,True,114,0.0018344277451038948,1061,990
492,b_S_vs_M,-0.0170063205838437,True,114,0.0018344277451038948,1061,990
493,b_C_vs_M,-0.03189023867052589,True,104,0.0018995444719400734,1051,990
493,b_S_vs_M,-0.01706181172914903,True,104,0.0018995444719400734,1051,990
494,b_C_vs_M,-0.03405973818226873,True,101,0.0007612279238407016,1058,990
494,b_S_vs_M,-0.021296022126415654,True,101,0.0007612279238407016,1058,990
495,b_C_vs_M,-0.03340795836686615,True,115,0.004663051120119999,1069,990
495,b_S_vs_M,-0.020282725822188607,True,115,0.004663051120119999,1069,990
496,b_C_vs_M,-0.040297259118211075,True,95,0.0027453489434561273,1065,990
496,b_S_vs_M,-0.01372325919795045,True,95,0.0027453489434561273,1065,990
497,b_C_vs_M,-0.03914809437786197,True,112,0.0032996002625926835,1055,990
497,b_S_vs_M,-0.017429172468564055,True,112,0.0032996002625926835,1055,990
498,b_C_vs_M,-0.024195639354191653,True,108,0.0006896598789931652,1064,990
498,b_S_vs_M,-0.009104629373477901,True,108,0.0006896598789931652,1064,990
499,b_C_vs_M,-0.05974285076474045,True,114,0.0006213878311047694,1062,990
499,b_S_vs_M,-0.013559491253732976,True,114,0.0006213878311047694,1062,990
500,b_C_vs_M,-0.020565149162408283,True,113,0.0010078788601126654,1068,990
500,b_S_vs_M,-0.020456298506246536,True,113,0.0010078788601126654,1068,990
