subject_id,treatment_cell,b_S_vs_M,b_C_vs_M,n_substantive_hp,weight_M,weight_S,weight_C
market_control::kw::53a18b8ffdf99b79ca51df6e,kw_market,-0.4236297631347847,-0.7421646600853435,4,0.6042751173004051,0.30295375690012255,0.09277112579947239
market_control::kw::545f1e11fdf99b3156e7588b,kw_market,1.7737481743571708,-0.337949527659812,4,0.17948103027042048,0.7782736516925519,0.0422453180370276
market_control::kw::54a439f9fdf99b5010dca84e,kw_market,-0.7741294111051655,1.1544989793370228,3,0.42706770271126715,0.15500884209912658,0.4179234551896063
market_control::kw::54ab0771fdf99b55c3f55227,kw_market,-0.4236297631347847,-0.7421646600853435,4,0.6042751173004051,0.30295375690012255,0.09277112579947239
market_control::kw::54b60d74fdf99b1ce0367ab5,kw_market,-1.119727452540171,-0.6454109161641152,3,0.7040554965238398,0.1778121198587273,0.11813238361743288
market_control::kw::55871e2efdf99b28762c4604,kw_market,-0.4820952897411686,-0.3416584925829943,1,0.5873362586209776,0.2787482843859977,0.13391545699302473
market_control::kw::559a78a5fdf99b76964a0ddd,kw_market,-0.4820952897411686,-0.3416584925829943,1,0.5873362586209776,0.2787482843859977,0.13391545699302473
market_control::kw::55b47001fdf99b615b12d66c,kw_market,-0.10173882954887792,-0.5751415481058965,3,0.5346763577127431,0.36808589364354605,0.09723774864371089
market_control::kw::55c913d1fdf99b526d9b8351,kw_market,1.2022912859674815,0.7192297118507233,4,0.24019528965730164,0.5997078888899551,0.16009682145274334
market_control::kw::55eee81b9df9fe000efae1d4,kw_market,0.9909272381431925,-0.49705025404166203,4,0.31173264721138616,0.6261357443861264,0.062131608402487486
market_control::kw::563e35190980220011572d9a,kw_market,-0.17909143414961723,-0.5522229036773982,3,0.5482281492503002,0.34988096947154096,0.10189088127815893
market_control::kw::563e5abecbd4c60005dc9153,kw_market,-0.4236297631347847,-0.7421646600853435,4,0.6042751173004051,0.30295375690012255,0.09277112579947239
market_control::kw::563fecf4074be600055e98c7,kw_market,0.09761039138040997,-0.330612001942881,2,0.48291992406152123,0.4049007977763166,0.11217927816216215
market_control::kw::5687d434369319000c269c03,kw_market,0.4598975363800177,0.47754277378184184,4,0.367177860180232,0.44251233000443835,0.1903098098153297
market_control::kw::569c01a19e8363000b2ffa33,kw_market,1.407696333728675,-0.3049628785587404,2,0.23428421648079784,0.7089278853157123,0.056787898203489916
market_control::kw::56aa77fc638440000b8b4f4a,kw_market,1.3215539795542812,-0.28176313785670637,2,0.24821571059051908,0.690272738505324,0.06151155090415692
market_control::kw::56fc1245f37e08000cbea351,kw_market,0.8979342125466696,-0.2215651947627225,1,0.3227361886628851,0.5927980305073176,0.08446578082979733
market_control::kw::57509aade19ee9000680df04,kw_market,-1.043722508072386,-0.7498131096581379,3,0.7024873897499742,0.19114082377167665,0.1063717864783492
market_control::kw::577bfa3c9fecfe0001a5bcbf,kw_market,1.3215539795542812,-0.28176313785670637,2,0.24821571059051908,0.690272738505324,0.06151155090415692
market_control::kw::5786a6cc07724c000114b618,kw_market,-0.5939620952741725,-0.3059176297759585,1,0.6020038852358618,0.25600077154148065,0.14199534322265756
market_control::kw::57892012454e5400015f35c4,kw_market,-0.6299919164681198,-0.1569794490908893,1,0.5938281912698029,0.24402972373917484,0.16214208499102228
market_control::kw::57a7337e913c710001977341,kw_market,1.2349796847955923,-0.23321870766626215,2,0.26211962710161724,0.6697797971035736,0.06810057579480921
market_control::kw::5800eb53beccf8000100cb06,kw_market,-0.29499518669324754,0.293216176243043,4,0.49977497964807555,0.28687535347996085,0.21334966687196355
market_control::kw::58660808db3e720001e228d9,kw_market,0.09761039138040997,-0.330612001942881,2,0.48291992406152123,0.4049007977763166,0.11217927816216215
market_control::kw::5885129a6907b40001de425a,kw_market,0.2186367539700153,-0.44697842608572913,2,0.46499623044831656,0.4385800593998661,0.09642371015181735
market_control::kw::588a4cbb670d6600012bd509,kw_market,1.6213842349797534,-0.34161777036655344,3,0.20134688072051682,0.7514974283805849,0.04715569089889828
market_control::kw::58921be25c15e0000158405c,kw_market,0.7493647984639129,-0.5076642495405146,3,0.35946734493609794,0.5698486685271612,0.07068398653674086
market_control::kw::595f88cc135b5e0001928a9c,kw_market,-0.4820952897411686,-0.3416584925829943,1,0.5873362586209776,0.2787482843859977,0.13391545699302473
market_control::kw::595fd893a670a10001941bf9,kw_market,0.7680560391688322,-0.18368019534120023,1,0.3461139343447936,0.5600017925974536,0.09388427305775271
market_control::kw::5977986837d15f00016f1d08,kw_market,0.29258724139998127,-0.6322539097403327,4,0.45754031344006385,0.4634275053651886,0.07903218119474753
market_control::kw::5979ff012cce5b0001d0ddf0,kw_market,-0.8493891040106214,-0.43991043237701216,2,0.6508908282830704,0.21497696994855806,0.1341322017683715
market_control::kw::59900f959d487e0001ac3a8e,kw_market,-0.4236297631347847,-0.7421646600853435,4,0.6042751173004051,0.30295375690012255,0.09277112579947239
market_control::kw::59921d7bb83f800001a5e452,kw_market,0.4598975363800177,0.4775427737818421,4,0.367177860180232,0.4425123300044383,0.19030980981532974
market_control::kw::5992f3b9004c4f0001cc81ac,kw_market,1.1389780618005145,-0.20101376438630894,2,0.2782293735071587,0.647221412272142,0.07454921422069928
market_control::kw::59931157f9db7d00018955b8,kw_market,1.5366254925818383,-0.283462189127118,3,0.2135461055421104,0.7335038904650879,0.05295000399280172
market_control::kw::599ec7dc617ca80001fcd124,kw_market,-0.17909143414961723,-0.5522229036773982,3,0.5482281492503002,0.34988096947154096,0.10189088127815893
market_control::kw::59a23b5d1bf9070001ce8d73,kw_market,-1.043722508072386,-0.7498131096581379,3,0.7024873897499742,0.19114082377167665,0.1063717864783492
market_control::kw::59b2d1e1773f41000148789e,kw_market,-0.08584621745820151,-0.6457239185364753,3,0.5351734142699984,0.3740550883671202,0.09077149736288134
market_control::kw::59d39f387d08030001f345a5,kw_market,0.19422098120160095,-0.36381651451498453,2,0.4658677467244929,0.42927018058645333,0.1048620726890538
market_control::kw::59d4fb316cc82800013e32d3,kw_market,-0.10173882954887797,-0.5751415481058963,3,0.5346763577127431,0.36808589364354605,0.0972377486437109
market_control::kw::59d8ec713e5ea00001e1d09c,kw_market,0.1942209812016006,-0.3638165145149853,2,0.46586774672449294,0.4292701805864533,0.10486207268905372
market_control::kw::59ea4fd07d6df50001e6930f,kw_market,0.4598975363800177,0.4775427737818421,4,0.367177860180232,0.4425123300044383,0.19030980981532974
market_control::kw::5a031384fe645f0001e9ea24,kw_market,0.09761039138040997,-0.330612001942881,2,0.48291992406152123,0.4049007977763166,0.11217927816216215
market_control::kw::5a0f2b13f2e3460001edbbcf,kw_market,-0.4178158982046769,-0.31898142671134205,1,0.5750410511935073,0.2907712343322917,0.13418771447420091
market_control::kw::5a219133b4665b00011fd87a,kw_market,0.8979342125466696,-0.2215651947627225,1,0.3227361886628851,0.5927980305073176,0.08446578082979733
market_control::kw::5a21f3731a1ad3000138f901,kw_market,0.1460820662042363,1.888418765903418,4,0.254314847407439,0.23174546075685387,0.5139396918357072
market_control::kw::5a5a6318ac5624000153e365,kw_market,0.1460820662042363,1.888418765903418,4,0.254314847407439,0.23174546075685387,0.5139396918357072
market_control::kw::5a6ce61e9d65ec00017e9618,kw_market,-0.5231067994537322,1.4281733135443822,1,0.3640808381633569,0.1701590997179791,0.46576006211866405
market_control::kw::5a775b638fe2dc00010579b2,kw_market,-0.8911131209805151,-0.46365925385732093,2,0.6587086387204919,0.20874951692272772,0.13254184435678032
market_control::kw::5a847fd2aa46dd00016ba03c,kw_market,1.1389780618005145,-0.20101376438630894,2,0.2782293735071587,0.647221412272142,0.07454921422069928
market_control::kw::5a8f05faf49c9a0001f3e4c6,kw_market,-0.2229357243047383,-0.5687672838876157,3,0.5574172437024081,0.34072368165761013,0.1018590746399817
market_control::kw::5a94d24fb5e2110001c689b5,kw_market,0.7680560391688322,-0.18368019534120023,1,0.3461139343447936,0.5600017925974536,0.09388427305775271
market_control::kw::5a9bcd3f1eda410001366c55,kw_market,0.7328598639392642,-0.45321444794166826,3,0.3612899001383408,0.5637365303675335,0.07497356949412562
market_control::kw::5adeeea15f327e0001fb74e1,kw_market,-0.8282133944450134,-0.548107949827886,2,0.6569314535174614,0.2213876619423268,0.1216808845402118
market_control::kw::5b0b08941e55760001b94b98,kw_market,-0.736956226666309,0.6207879044234483,2,0.5109623582043259,0.19070173080415412,0.29833591099152
market_control::kw::5b1d8c8988ee7400012b2730,kw_market,-0.5939620952741725,-0.3059176297759585,1,0.6020038852358618,0.25600077154148065,0.14199534322265756
market_control::kw::5b20c5e04c72120001f25dda,kw_market,0.8979342125466696,-0.2215651947627225,1,0.3227361886628851,0.5927980305073176,0.08446578082979733
market_control::kw::5b2c0de67297750001c794ab,kw_market,0.4262568136458649,0.8412081134468165,2,0.34340011144482097,0.4026585673864848,0.25394132116869417
market_control::kw::5b7af69d2f3fc30001374190,kw_market,-0.4178158982046769,-0.31898142671134205,1,0.5750410511935073,0.2907712343322917,0.13418771447420091
market_control::kw::5b905d5d2f789f00011c4cc2,kw_market,-1.1852415740571156,0.15910548132209507,4,0.6217354182173863,0.1481556820870576,0.2301088996955561
market_control::kw::5baca9c4bf876e000149b586,kw_market,-1.0567811251449928,-0.6654953703716517,3,0.6976857144305539,0.1874910611637122,0.1148232244057339
market_control::kw::5bb627b7f047e200014ee3bd,kw_market,-1.2755361907618286,-0.8263823412190779,4,0.7372595162722781,0.1594433700422292,0.1032971136854927
market_control::kw::5bdad3fa0bde32000170745b,kw_market,-0.3039108704975144,1.1237345202669324,1,0.39456914367566154,0.22744480621626878,0.3779860501080696
market_control::kw::5be92cf1ba2782000117743e,kw_market,-0.4442862128923083,1.1527295511527758,1,0.4024307371082821,0.2021756861558619,0.39539357673585596
market_control::kw::5c0595bb1a20110001e9f1e1,kw_market,-0.9658776963730237,-0.43560286725327807,2,0.6661632234871446,0.19613146081627375,0.13770531569658162
market_control::kw::5c06c226c1a4b2000135f395,kw_market,0.5742991243383134,0.8167578153638778,2,0.3248073706343514,0.43992347344366084,0.23526915592198783
market_control::kw::5c0c90e7632102000147c3cc,kw_market,-0.2949951866932477,0.2932161762430428,4,0.49977497964807566,0.28687535347996085,0.21334966687196355
market_control::kw::5c0cb29e1b80df00017843d2,kw_market,0.9785446713276007,-0.21431840347950118,1,0.3075388735325705,0.6113055894527064,0.08115553701472313
market_control::kw::5c1a1c6b0bdf8b0001c5928e,kw_market,0.45989753638001807,0.47754277378184184,4,0.3671778601802319,0.44251233000443835,0.19030980981532963
market_control::kw::5c2df24a2c45d400014a87f5,kw_market,1.2022912859674815,0.7192297118507233,4,0.24019528965730164,0.5997078888899551,0.16009682145274334
market_control::kw::5c38f43bb594c40001212d39,kw_market,0.09761039138040997,-0.330612001942881,2,0.48291992406152123,0.4049007977763166,0.11217927816216215
market_control::kw::5c477c3b302d8a0001c52ee2,kw_market,0.9909272381431924,-0.49705025404166203,4,0.31173264721138616,0.6261357443861264,0.062131608402487486
market_control::kw::5c509487172b6c0001779b34,kw_market,0.7680560391688322,-0.18368019534120023,1,0.3461139343447936,0.5600017925974536,0.09388427305775271
market_control::kw::5c578b57e66e510001eec4c6,kw_market,0.27875768824383884,-0.4319917306103894,2,0.45225674636594093,0.4524798017976383,0.09526345183642074
market_control::kw::5c608e91001e34000145185a,kw_market,-1.1516879379888414,-0.6661516537129824,3,0.7097195890040701,0.17364584373225572,0.11663456726367419
market_control::kw::5c6df5298c5fd30001b83926,kw_market,-0.3039108704975144,1.1237345202669324,1,0.39456914367566154,0.22744480621626878,0.3779860501080696
market_control::kw::5c7075f618126000010d4c97,kw_market,-0.5231067994537322,1.4281733135443822,1,0.3640808381633569,0.1701590997179791,0.46576006211866405
market_control::kw::5c753cfc25c76b00017068ab,kw_market,1.2022912859674815,0.7192297118507233,4,0.24019528965730164,0.5997078888899551,0.16009682145274334
market_control::kw::5c8c22bafeeaeb0016207a00,kw_market,-0.29499518669324754,0.2932161762430431,4,0.49977497964807555,0.28687535347996085,0.21334966687196358
market_control::kw::5c8d4db8c6eef00001bd2510,kw_market,-0.736956226666309,0.6207879044234483,2,0.5109623582043259,0.19070173080415412,0.29833591099152
market_control::kw::5c90bb590d21a20017ec455d,kw_market,0.9909272381431924,-0.49705025404166203,4,0.31173264721138616,0.6261357443861264,0.062131608402487486
market_control::kw::5c93fa19104ec70017bfa894,kw_market,-0.17909143414961723,-0.5522229036773982,3,0.5482281492503002,0.34988096947154096,0.10189088127815893
market_control::kw::5c9d137bc00f5a0001f981ef,kw_market,1.2595033824286033,-0.28793316908988925,2,0.25888395597924246,0.6773974719005966,0.06371857212016088
market_control::kw::5cab3a6f797d90001402fd4d,kw_market,-0.10666945812341293,1.1183201022643972,4,0.3764504111613921,0.26333887891965513,0.3602107099189529
market_control::kw::5cbe1e098f939c0015c0b9d8,kw_market,0.25299555234396065,-0.3493743213950902,2,0.45358499011593933,0.4427618924834531,0.1036531174006075
market_control::kw::5ccb343fcdcf0f0001ba779e,kw_market,-1.2755361907618286,-0.8263823412190779,4,0.7372595162722781,0.1594433700422292,0.1032971136854927
market_control::kw::5cd9712d725bb3000128f2bd,kw_market,-0.8282133944450134,-0.548107949827886,2,0.6569314535174614,0.2213876619423268,0.1216808845402118
market_control::kw::5ce031fc7f65ee001a985a6b,kw_market,-1.043722508072386,-0.7498131096581379,3,0.7024873897499742,0.19114082377167665,0.1063717864783492
market_control::kw::5ceafa32a20e6000160c5e74,kw_market,-0.4236297631347847,-0.7421646600853435,4,0.6042751173004051,0.30295375690012255,0.09277112579947239
market_control::kw::5cf510ccb0bafb00161ffd56,kw_market,0.749364798463913,-0.5076642495405136,3,0.3594673449360979,0.5698486685271612,0.07068398653674092
market_control::kw::5d04134bbdeaa5001865e8a3,kw_market,-0.8282133944450134,-0.548107949827886,2,0.6569314535174614,0.2213876619423268,0.1216808845402118
market_control::kw::5d0b7d3a1c9a4e001a11dd19,kw_market,1.407696333728675,-0.3049628785587404,2,0.23428421648079784,0.7089278853157123,0.056787898203489916
market_control::kw::5d13d6a2d4888600182efdd6,kw_market,0.7232529740272283,-0.0881228841443154,1,0.3511572520887027,0.5442014433946121,0.10464130451668531
market_control::kw::5d16d17119d2ed0015e21360,kw_market,0.25299555234396065,-0.3493743213950902,2,0.45358499011593933,0.4427618924834531,0.1036531174006075
market_control::kw::5d332ea34007ad00199c3713,kw_market,0.9909272381431924,-0.49705025404166203,4,0.31173264721138616,0.6261357443861264,0.062131608402487486
market_control::kw::5d421d6e6247ef001900bdf9,kw_market,-1.2755361907618286,-0.8263823412190779,4,0.7372595162722781,0.1594433700422292,0.1032971136854927
market_control::kw::5d4acbc3cfe6e90001ad87c9,kw_market,-0.22293572430473838,-0.5687672838876153,3,0.5574172437024081,0.34072368165761013,0.10185907463998173
market_control::kw::5d5035c5d87393001af70561,kw_market,0.8979342125466696,-0.2215651947627225,1,0.3227361886628851,0.5927980305073176,0.08446578082979733
market_control::kw::5d51ad87e02e5500182bb86e,kw_market,-0.4820952897411686,-0.3416584925829943,1,0.5873362586209776,0.2787482843859977,0.13391545699302473
market_control::kw::5d52a800c42ad6001a1f6482,kw_market,1.1389780618005145,-0.20101376438630894,2,0.2782293735071587,0.647221412272142,0.07454921422069928
market_control::kw::5d53326a70729700015efb69,kw_market,0.426256813645865,0.8412081134468166,2,0.3434001114448209,0.40265856738648487,0.2539413211686942
market_control::kw::5d55fbf180b951001ac49201,kw_market,-0.5939620952741725,-0.3059176297759585,1,0.6020038852358618,0.25600077154148065,0.14199534322265756
market_control::kw::5d56e5c7844d0e0016eccc25,kw_market,-0.9591109714880579,0.42714934924558057,3,0.561472459675865,0.16784744298866755,0.27068009733546744
market_control::kw::5d697ea28572fc000126b779,kw_market,-0.8911131209805151,-0.46365925385732093,2,0.6587086387204919,0.20874951692272772,0.13254184435678032
market_control::kw::5d6e5462c5a2e300169b687e,kw_market,-0.3485814179775846,1.0927159215277933,1,0.4031918601278195,0.22230268106306786,0.3745054588091127
market_control::kw::5d7047d764b37b0017ffa710,kw_market,-0.4236297631347847,-0.7421646600853435,4,0.6042751173004051,0.30295375690012255,0.09277112579947239
market_control::kw::5d70dd0b28805f001aaf9a94,kw_market,-1.2755361907618286,-0.8263823412190779,4,0.7372595162722781,0.1594433700422292,0.1032971136854927
market_control::kw::5d72263be0c76e001b132794,kw_market,0.4168472469056266,1.010196629154664,2,0.32927218170675615,0.38369175307525444,0.28703606521798947
market_control::kw::5d75555c99bf5b0018864ed3,kw_market,-0.6299919164681198,-0.1569794490908893,1,0.5938281912698029,0.24402972373917484,0.16214208499102228
market_control::kw::5d791ec483d5a400018d8629,kw_market,-0.2949951866932475,0.2932161762430434,4,0.4997749796480755,0.28687535347996085,0.2133496668719636
market_control::kw::5d7fd2a5987f70001602d95b,kw_market,0.9785446713276007,-0.21431840347950118,1,0.3075388735325705,0.6113055894527064,0.08115553701472313
market_control::kw::5d820503d2ef9c0001a3f0da,kw_market,-0.10173882954887792,-0.5751415481058965,3,0.5346763577127431,0.36808589364354605,0.09723774864371089
market_control::kw::5d8a3031baf792001640a637,kw_market,-0.4820952897411686,-0.3416584925829943,1,0.5873362586209776,0.2787482843859977,0.13391545699302473
market_control::kw::5d95d2bbd84e9e001607bfea,kw_market,1.7737481743571708,-0.337949527659812,4,0.17948103027042048,0.7782736516925519,0.0422453180370276
market_control::kw::5da09f733c3367001a72dec6,kw_market,-0.8282133944450134,-0.548107949827886,2,0.6569314535174614,0.2213876619423268,0.1216808845402118
market_control::kw::5da18dd5f362630015ee5f72,kw_market,-0.17909143414961723,-0.5522229036773982,3,0.5482281492503002,0.34988096947154096,0.10189088127815893
market_control::kw::5da78f61a60c0d0017d6ed89,kw_market,0.14608206620423608,1.8884187659034177,4,0.25431484740743904,0.23174546075685382,0.5139396918357072
market_control::kw::5dad865e32175a0014451b20,kw_market,0.5742991243383134,0.8167578153638778,2,0.3248073706343514,0.43992347344366084,0.23526915592198783
market_control::kw::5dadbc8a7ac8810019838e8f,kw_market,0.2186367539700153,-0.44697842608572913,2,0.46499623044831656,0.4385800593998661,0.09642371015181735
market_control::kw::5db01e642282410011fc7f17,kw_market,-0.6299919164681198,-0.1569794490908893,1,0.5938281912698029,0.24402972373917484,0.16214208499102228
market_control::kw::5db77b2f181176000b66533c,kw_market,0.4168472469056265,1.0101966291546642,2,0.3292721817067561,0.3836917530752544,0.28703606521798947
market_control::kw::5dbb9407e0a6e81863526af7,kw_market,-1.043722508072386,-0.7498131096581379,3,0.7024873897499742,0.19114082377167665,0.1063717864783492
market_control::kw::5de7ca192294f172c699b7dc,kw_market,0.9909272381431925,-0.49705025404166203,4,0.31173264721138616,0.6261357443861264,0.062131608402487486
market_control::kw::5e0629a51d46070022c94ac9,kw_market,0.9909272381431924,-0.49705025404166203,4,0.31173264721138616,0.6261357443861264,0.062131608402487486
market_control::kw::5e1cf0eb65b6d3071f489de9,kw_market,0.9785446713276007,-0.21431840347950118,1,0.3075388735325705,0.6113055894527064,0.08115553701472313
market_control::kw::5e22fce6db62ba5aec3e53b1,kw_market,-0.6299919164681198,-0.1569794490908893,1,0.5938281912698029,0.24402972373917484,0.16214208499102228
market_control::kw::5e28b99e1aacba092acd8cbd,kw_market,-0.8719469655654314,-0.5698017106665189,2,0.6649177193452025,0.21458716473507733,0.12049511591972022
market_control::kw::5e42c26bcea1861491e28258,kw_market,0.6029202946487027,-0.44064000120475527,3,0.3870212514712637,0.5317956104413858,0.08118313808735049
market_control::kw::5e52b65a6c3d7d2bf47c7cab,kw_market,-1.043722508072386,-0.7498131096581379,3,0.7024873897499742,0.19114082377167665,0.1063717864783492
market_control::kw::5e532bad158f1d33b3473072,kw_market,-0.6299919164681198,-0.1569794490908893,1,0.5938281912698029,0.24402972373917484,0.16214208499102228
market_control::kw::5e57d38b533eec1818078f0b,kw_market,-0.02738281241373516,0.6167111284477519,3,0.42769103037168654,0.3206080606777029,0.2517009089506106
market_control::kw::5e64a02eb7d70b20f250b129,kw_market,1.5366254925818383,-0.283462189127118,3,0.2135461055421104,0.7335038904650879,0.05295000399280172
market_control::kw::5e64da5ac34e832466061bf8,kw_market,0.8979342125466696,-0.2215651947627225,1,0.3227361886628851,0.5927980305073176,0.08446578082979733
market_control::kw::5e83425144753905a3a17ad8,kw_market,0.1460820662042363,1.888418765903418,4,0.254314847407439,0.23174546075685387,0.5139396918357072
market_control::kw::5e90d908621d9b40667fc3d5,kw_market,0.04614262464923319,0.5818074442329818,3,0.42109424536210643,0.33906415372270005,0.2398416009151935
market_control::kw::5e9b1378b0f218000c570018,kw_market,1.2022912859674815,0.7192297118507233,4,0.24019528965730164,0.5997078888899551,0.16009682145274334
market_control::kw::5e9b85a506abba08c1bf0ae8,kw_market,0.7232529740272283,-0.0881228841443154,1,0.3511572520887027,0.5442014433946121,0.10464130451668531
market_control::kw::5e9f897c20320b000b1cc4cb,kw_market,-0.10173882954887792,-0.5751415481058965,3,0.5346763577127431,0.36808589364354605,0.09723774864371089
market_control::kw::5e9fefeb0ccdc51a4ad7632e,kw_market,-0.2949951866932475,0.2932161762430434,4,0.4997749796480755,0.28687535347996085,0.2133496668719636
market_control::kw::5ea06914c2b73202ae7a3f29,kw_market,-0.7741294111051655,1.1544989793370228,3,0.42706770271126715,0.15500884209912658,0.4179234551896063
market_control::kw::5ea0b332440c6a0a2b78b2df,kw_market,1.2349796847955923,-0.23321870766626215,2,0.26211962710161724,0.6697797971035736,0.06810057579480921
market_control::kw::5ea0c2ecb8640c0c0b56bc46,kw_market,0.2186367539700153,-0.44697842608572913,2,0.46499623044831656,0.4385800593998661,0.09642371015181735
market_control::kw::5ea18fee43087803c739ccef,kw_market,-1.2755361907618286,-0.8263823412190779,4,0.7372595162722781,0.1594433700422292,0.1032971136854927
market_control::kw::5ea25b82a46065174c689daa,kw_market,0.29258724139998127,-0.6322539097403327,4,0.45754031344006385,0.4634275053651886,0.07903218119474753
market_control::kw::5ea3f7021782d23892358af1,kw_market,0.28176043852724647,1.0458600563416023,2,0.34228471422590934,0.34976253363821586,0.3079527521358748
market_control::kw::5ea9cc9195f36c126a27d0a7,kw_market,0.4168472469056266,1.010196629154664,2,0.32927218170675615,0.38369175307525444,0.28703606521798947
market_control::kw::5eb326b506340e120aa20780,kw_market,0.7680560391688322,-0.18368019534120023,1,0.3461139343447936,0.5600017925974536,0.09388427305775271
market_control::kw::5eb517998224d338dd4e7ca4,kw_market,-0.620517142517343,0.6136413142586782,2,0.500154578033524,0.20934492022871157,0.2905005017377644
market_control::kw::5eb5f6d5e38e9f4e6c8dde3f,kw_market,-0.8719469655654314,-0.5698017106665189,2,0.6649177193452025,0.21458716473507733,0.12049511591972022
market_control::kw::5eba1056248e4a00088cd9da,kw_market,-1.119727452540171,-0.6454109161641152,3,0.7040554965238398,0.1778121198587273,0.11813238361743288
market_control::kw::5ebaa6dd28b52b000c94b78c,kw_market,0.20832437869741954,1.575980120428409,3,0.28893110316995274,0.2778228036118616,0.43324609321818575
market_control::kw::5ec566d96750985448f14950,kw_market,1.1389780618005145,-0.20101376438630894,2,0.2782293735071587,0.647221412272142,0.07454921422069928
market_control::kw::5ee53385acfd3415744ceae7,kw_market,-0.22293572430473838,-0.5687672838876153,3,0.5574172437024081,0.34072368165761013,0.10185907463998173
market_control::kw::5efa66c030577f1782e0311a,kw_market,0.3299358893684758,1.3920592819075706,3,0.29954837792046884,0.3230935654157226,0.3773580566638086
market_control::kw::5f061f46dc944614ea1be5b9,kw_market,-1.0567811251449928,-0.6654953703716517,3,0.6976857144305539,0.1874910611637122,0.1148232244057339
market_control::kw::5f119d6034b87902fdd7d772,kw_market,-0.4236297631347847,-0.7421646600853435,4,0.6042751173004051,0.30295375690012255,0.09277112579947239
market_control::kw::5f146f8b9a35f72602d03ddc,kw_market,-0.4236297631347847,-0.7421646600853435,4,0.6042751173004051,0.30295375690012255,0.09277112579947239
market_control::kw::5f155b98b1393b000d6bf745,kw_market,0.7680560391688322,-0.18368019534120023,1,0.3461139343447936,0.5600017925974536,0.09388427305775271
market_control::kw::5f15672bb9e53c000b59d81b,kw_market,1.7737481743571708,-0.337949527659812,4,0.17948103027042048,0.7782736516925519,0.0422453180370276
market_control::kw::5f16b54f545875491515958b,kw_market,0.37876968601663263,-0.4573736357501748,2,0.4331020509847362,0.4778139092824259,0.08908403973283792
market_control::kw::5f1daf67e539fb6e9a42f300,kw_market,1.6213842349797534,-0.34161777036655344,3,0.20134688072051682,0.7514974283805849,0.04715569089889828
market_control::kw::5f2042752276432e3a7ef104,kw_market,0.09761039138041001,-0.3306120019428812,2,0.48291992406152123,0.4049007977763166,0.11217927816216214
market_control::kw::5f3d63427c561a0f0d0cb09c,kw_market,0.2529955523439606,-0.3493743213950902,2,0.45358499011593933,0.4427618924834531,0.10365311740060748
market_control::kw::5f450738ab827a05e739ef40,kw_market,-0.4178158982046769,-0.31898142671134205,1,0.5750410511935073,0.2907712343322917,0.13418771447420091
market_control::kw::5f485c765324cf1ed7d564cd,kw_market,-0.10173882954887797,-0.5751415481058963,3,0.5346763577127431,0.36808589364354605,0.0972377486437109
market_control::kw::5f4f9bc1f7598f06b2dc816f,kw_market,-1.2755361907618286,-0.8263823412190779,4,0.7372595162722781,0.1594433700422292,0.1032971136854927
market_control::kw::5f63f7b97652ac171be54075,kw_market,0.21863675397001547,-0.4469784260857285,2,0.4649962304483165,0.43858005939986616,0.09642371015181739
market_control::kw::5f6e76757befe43b22307387,kw_market,-1.1516879379888414,-0.6661516537129824,3,0.7097195890040701,0.17364584373225572,0.11663456726367419
market_control::kw::5f7b3e3d831aa60b4c16d6d7,kw_market,0.715115494967846,1.3768356723316455,4,0.2614901401970167,0.41061372451184414,0.32789613529113915
market_control::kw::5f994db35d140f02b07f6faa,kw_market,-0.8911131209805151,-0.46365925385732093,2,0.6587086387204919,0.20874951692272772,0.13254184435678032
market_control::kw::5fa17ddeabc188288bde81c8,kw_market,-0.8415545266078999,0.8411115833932711,2,0.48547688437042824,0.16397786029954972,0.35054525533002207
market_control::kw::5fa2e56fe794555527f2c8ef,kw_market,-1.043722508072386,-0.7498131096581379,3,0.7024873897499742,0.19114082377167665,0.1063717864783492
market_control::kw::5fa92f3172de7e02d5d77656,kw_market,0.27431339684822564,1.5360806163040468,3,0.28816621334453363,0.2952999196595723,0.41653386699589406
market_control::kw::5fabf588f711fa0c6b0aebf6,kw_market,0.7493647984639132,-0.5076642495405138,3,0.3594673449360979,0.5698486685271613,0.07068398653674089
market_control::kw::5faf5be7eb05711e07faf4cf,kw_market,0.9785446713276007,-0.21431840347950118,1,0.3075388735325705,0.6113055894527064,0.08115553701472313
market_control::kw::5fb3eee93064870009d4ed30,kw_market,0.47655096074803455,0.8605095884722579,2,0.3348533313501628,0.41254046506922804,0.25260620358060915
market_control::kw::5fc4fdc2be4fcc0008030baa,kw_market,1.3215539795542812,-0.28176313785670637,2,0.24821571059051908,0.690272738505324,0.06151155090415692
market_control::kw::5fc7977f990ff909859b4b77,kw_market,-1.2755361907618286,-0.8263823412190779,4,0.7372595162722781,0.1594433700422292,0.1032971136854927
market_control::kw::5fc947712905593dea509cce,kw_market,-0.6299919164681198,-0.1569794490908893,1,0.5938281912698029,0.24402972373917484,0.16214208499102228
market_control::kw::5fd18d125e1f92195b1717bc,kw_market,-0.8493891040106214,-0.43991043237701216,2,0.6508908282830704,0.21497696994855806,0.1341322017683715
market_control::kw::602fea460a29c4d98a5d8034,kw_market,0.9909272381431925,-0.49705025404166203,4,0.31173264721138616,0.6261357443861264,0.062131608402487486
market_control::kw::60301bf422eb78e24698d956,kw_market,1.407696333728675,-0.3049628785587404,2,0.23428421648079784,0.7089278853157123,0.056787898203489916
market_control::kw::603421c858a3bd213d7c24b2,kw_market,-0.7741294111051656,1.1544989793370228,3,0.42706770271126715,0.15500884209912658,0.4179234551896063
market_control::kw::603ceb8f82d6b0a88e6cb99a,kw_market,-0.3039108704975144,1.1237345202669324,1,0.39456914367566154,0.22744480621626878,0.3779860501080696
market_control::kw::60400327a152361b2838dcc3,kw_market,-0.7741294111051655,1.1544989793370228,3,0.42706770271126715,0.15500884209912658,0.4179234551896063
market_control::kw::6042485be854a50b567878ab,kw_market,-0.4820952897411686,-0.3416584925829943,1,0.5873362586209776,0.2787482843859977,0.13391545699302473
market_control::kw::605269ed69c7aac84a09dc72,kw_market,0.749364798463913,-0.5076642495405136,3,0.3594673449360979,0.5698486685271612,0.07068398653674092
market_control::kw::6054c99c850918fc1ee83760,kw_market,0.2925872413999811,-0.6322539097403327,4,0.4575403134400639,0.46342750536518856,0.07903218119474753
market_control::kw::607e6e60568d9d3b270c7ef8,kw_market,0.6540963484036276,-0.4296921894141962,3,0.37636991863339064,0.5437645816080163,0.07986549975859311
market_control::kw::608702d7661a76c56f62a02a,kw_market,1.7737481743571708,-0.337949527659812,4,0.17948103027042048,0.7782736516925519,0.0422453180370276
market_control::kw::609122350e5b8e743ab41f79,kw_market,0.8979342125466696,-0.2215651947627225,1,0.3227361886628851,0.5927980305073176,0.08446578082979733
market_control::kw::60a2286e51973ae842a306ea,kw_market,0.14608206620423608,1.8884187659034177,4,0.25431484740743904,0.23174546075685382,0.5139396918357072
market_control::kw::60a3304ffb8cf482f8d11b6f,kw_market,-1.043722508072386,-0.7498131096581379,3,0.7024873897499742,0.19114082377167665,0.1063717864783492
market_control::kw::60a674515b64fa204593b1f3,kw_market,1.1389780618005145,-0.20101376438630894,2,0.2782293735071587,0.647221412272142,0.07454921422069928
market_control::kw::60ae648439ae911bc987c73f,kw_market,0.9785446713276007,-0.21431840347950118,1,0.3075388735325705,0.6113055894527064,0.08115553701472313
market_control::kw::60aeadce9535d20570242b82,kw_market,-0.7419589968422186,-0.5716931464980923,2,0.6460043022217946,0.23699314968707433,0.11700254809113106
market_control::kw::60b014e8fd54e70643da606c,kw_market,0.9785446713276007,-0.21431840347950118,1,0.3075388735325705,0.6113055894527064,0.08115553701472313
market_control::kw::60c6cd8bacdf5d1f27924048,kw_market,0.4765509607480344,0.860509588472258,2,0.3348533313501628,0.412540465069228,0.2526062035806092
market_control::kw::60c770aa2d2928bfda4c7cd4,kw_market,1.6213842349797534,-0.34161777036655344,3,0.20134688072051682,0.7514974283805849,0.04715569089889828
market_control::kw::60d4817e29759c91a36132e2,kw_market,0.9909272381431925,-0.49705025404166203,4,0.31173264721138616,0.6261357443861264,0.062131608402487486
market_control::kw::60eead911e567d29abb34468,kw_market,-0.10173882954887797,-0.5751415481058963,3,0.5346763577127431,0.36808589364354605,0.0972377486437109
market_control::kw::60eed08c1ad192ce66a0c85a,kw_market,-0.5231067994537322,1.4281733135443822,1,0.3640808381633569,0.1701590997179791,0.46576006211866405
market_control::kw::60f1e7976ffb0d77b67a6438,kw_market,-1.119727452540171,-0.6454109161641152,3,0.7040554965238398,0.1778121198587273,0.11813238361743288
market_control::kw::60f716c8e672d09c3ba24006,kw_market,-1.2755361907618286,-0.8263823412190779,4,0.7372595162722781,0.1594433700422292,0.1032971136854927
market_control::kw::60f863b2ae8c09536abefab8,kw_market,-0.5939620952741725,-0.3059176297759585,1,0.6020038852358618,0.25600077154148065,0.14199534322265756
market_control::kw::60fd50570dd4923fec4a6f50,kw_market,0.2925872413999814,-0.6322539097403327,4,0.45754031344006385,0.4634275053651886,0.07903218119474753
market_control::kw::60fde5019e79712412b86751,kw_market,-0.8282133944450134,-0.548107949827886,2,0.6569314535174614,0.2213876619423268,0.1216808845402118
market_control::kw::60fec39221b78233fb4f9054,kw_market,-0.8911131209805151,-0.46365925385732093,2,0.6587086387204919,0.20874951692272772,0.13254184435678032
market_control::kw::61005c19dbd2976cc4a2db0f,kw_market,1.3215539795542812,-0.28176313785670637,2,0.24821571059051908,0.690272738505324,0.06151155090415692
market_control::kw::61036710e1eb1d931b7a34a6,kw_market,-0.4236297631347846,-0.7421646600853435,4,0.6042751173004051,0.30295375690012255,0.09277112579947239
market_control::kw::610ed1ac68f6c344f9a8b17d,kw_market,1.7737481743571708,-0.337949527659812,4,0.17948103027042048,0.7782736516925519,0.0422453180370276
market_control::kw::611a435c3f45b6c288196363,kw_market,-0.10173882954887804,-0.5751415481058963,3,0.5346763577127431,0.36808589364354605,0.0972377486437109
market_control::kw::612266e2ea3c172619abba50,kw_market,-0.8719469655654314,-0.5698017106665189,2,0.6649177193452025,0.21458716473507733,0.12049511591972022
market_control::kw::61235c4890e3db52760fc5e0,kw_market,1.7737481743571708,-0.337949527659812,4,0.17948103027042048,0.7782736516925519,0.0422453180370276
market_control::kw::61329bcf0acf6721508f7ed1,kw_market,0.2925872413999814,-0.6322539097403327,4,0.45754031344006385,0.4634275053651886,0.07903218119474753
market_control::kw::613c927a3da2129cd285ef58,kw_market,-0.4236297631347847,-0.7421646600853435,4,0.6042751173004051,0.30295375690012255,0.09277112579947239
market_control::kw::6149c3f9627672a6944a61e2,kw_market,-1.1852415740571156,0.1591054813220951,4,0.6217354182173863,0.1481556820870576,0.2301088996955561
market_control::kw::6150f3191250f2a12a607e82,kw_market,0.09761039138041001,-0.3306120019428812,2,0.48291992406152123,0.4049007977763166,0.11217927816216214
market_control::kw::615ec0557ed77fa14b565382,kw_market,0.29258724139998127,-0.6322539097403327,4,0.45754031344006385,0.4634275053651886,0.07903218119474753
market_control::kw::616ab38422e8cf63905eec70,kw_market,-0.10173882954887792,-0.5751415481058965,3,0.5346763577127431,0.36808589364354605,0.09723774864371089
market_control::kw::616d3d7cbf9e78d1a6e3219e,kw_market,1.2595033824286033,-0.28793316908988925,2,0.25888395597924246,0.6773974719005966,0.06371857212016088
market_control::kw::622921142ed6785f172cae98,kw_market,-0.4442862128923083,1.1527295511527758,1,0.4024307371082821,0.2021756861558619,0.39539357673585596
market_control::kw::622a48bca4c51a90e35d1b2b,kw_market,-0.4236297631347847,-0.7421646600853435,4,0.6042751173004051,0.30295375690012255,0.09277112579947239
market_control::kw::6266eeafd5addd5cb7a66cc5,kw_market,-0.7419589968422186,-0.5716931464980923,2,0.6460043022217946,0.23699314968707433,0.11700254809113106
market_control::kw::62825aef9d9d5544867a6fc0,kw_market,-0.580121669064879,1.9100635508199366,2,0.2877441396367507,0.12839419610470645,0.5838616642585429
market_control::kw::6290baefc1820d33bb4afed4,kw_market,-1.1852415740571156,0.1591054813220951,4,0.6217354182173863,0.1481556820870576,0.2301088996955561
market_control::kw::6294b77f8782497d0f35bd25,kw_market,-1.043722508072386,-0.7498131096581379,3,0.7024873897499742,0.19114082377167665,0.1063717864783492
market_control::kw::629e1fc50453c5096d91c5f4,kw_market,0.7680560391688322,-0.18368019534120023,1,0.3461139343447936,0.5600017925974536,0.09388427305775271
market_control::kw::62ab362f8fdafe0a558b42fe,kw_market,0.7493647984639129,-0.5076642495405146,3,0.35946734493609794,0.5698486685271612,0.07068398653674086
market_control::kw::62ab53520bb280439345fd6c,kw_market,0.9785446713276007,-0.21431840347950118,1,0.3075388735325705,0.6113055894527064,0.08115553701472313
market_control::kw::62c421e8a63143ac6dc843cc,kw_market,-0.4442862128923083,1.1527295511527758,1,0.4024307371082821,0.2021756861558619,0.39539357673585596
market_control::kw::62c44d672834a5c5ce7362f1,kw_market,0.7232529740272283,-0.0881228841443154,1,0.3511572520887027,0.5442014433946121,0.10464130451668531
market_control::kw::62fb8276f170965e7e3899e7,kw_market,1.2595033824286033,-0.28793316908988925,2,0.25888395597924246,0.6773974719005966,0.06371857212016088
market_control::kw::62fd55dc6d29d64eaaea2dec,kw_market,-0.17909143414961723,-0.5522229036773982,3,0.5482281492503002,0.34988096947154096,0.10189088127815893
market_control::kw::631385edd622a2b9907f19a4,kw_market,0.07969297832320957,0.46792651070578206,3,0.42724472697609317,0.35493561434901544,0.21781965867489142
market_control::kw::631609c541905b75bd84f002,kw_market,-0.17909143414961712,-0.5522229036773982,3,0.5482281492503001,0.34988096947154096,0.10189088127815893
market_control::kw::6317511c1dd0acb82cf4b131,kw_market,-0.44534795570027674,1.6482361858508514,2,0.3236561425248887,0.16405174863575228,0.512292108839359
market_control::kw::63316daa57747115376760da,kw_market,1.1389780618005145,-0.20101376438630894,2,0.2782293735071587,0.647221412272142,0.07454921422069928
market_control::kw::63468af37b3dfa433e101723,kw_market,-1.0567811251449928,-0.6654953703716517,3,0.6976857144305539,0.1874910611637122,0.1148232244057339
market_control::kw::636259854da454099f895513,kw_market,-0.8648863040823844,1.349253664597264,3,0.3981062997094544,0.13258546979919208,0.4693082304913535
market_control::kw::63824c757fdc333ffa22ea03,kw_market,-0.10173882954887792,-0.5751415481058965,3,0.5346763577127431,0.36808589364354605,0.09723774864371089
market_control::kw::6387984be099d077b7cd8508,kw_market,-0.6299919164681198,-0.1569794490908893,1,0.5938281912698029,0.24402972373917484,0.16214208499102228
market_control::kw::63d038b4d8d9332a346dea31,kw_market,0.4598975363800182,0.4775427737818425,4,0.36717786018023185,0.44251233000443835,0.19030980981532974
market_control::kw::63d13bbefe685427e3f96122,kw_market,-0.22293572430473807,-0.5687672838876153,3,0.5574172437024081,0.3407236816576102,0.10185907463998173
market_control::kw::63d13f343d0cb5503347e5ea,kw_market,0.37876968601663263,-0.4573736357501748,2,0.4331020509847362,0.4778139092824259,0.08908403973283792
market_control::kw::63d3fa1fc1384af994ef6bba,kw_market,1.2349796847955923,-0.23321870766626215,2,0.26211962710161724,0.6697797971035736,0.06810057579480921
market_control::kw::63d3fb730f03adf8b4a28a37,kw_market,0.7493647984639129,-0.5076642495405146,3,0.35946734493609794,0.5698486685271612,0.07068398653674086
market_control::kw::63d7b0b45f9993cbb237fcd6,kw_market,0.7151154949678459,1.3768356723316455,4,0.2614901401970167,0.4106137245118441,0.32789613529113915
market_control::kw::63d8251edc6c5ee9274816fd,kw_market,0.8979342125466696,-0.2215651947627225,1,0.3227361886628851,0.5927980305073176,0.08446578082979733
market_control::kw::63d96ff56b577f6ac10e5f6c,kw_market,-0.4820952897411686,-0.3416584925829943,1,0.5873362586209776,0.2787482843859977,0.13391545699302473
market_control::kw::63daca8ae542ff8f19d3099a,kw_market,-0.8282133944450134,-0.548107949827886,2,0.6569314535174614,0.2213876619423268,0.1216808845402118
market_control::kw::63eb4aeb58b63438ec09f5d2,kw_market,0.426256813645865,0.8412081134468166,2,0.3434001114448209,0.40265856738648487,0.2539413211686942
market_control::kw::63f87480149da1634d6c4464,kw_market,0.4598975363800178,0.477542773781842,4,0.367177860180232,0.4425123300044383,0.19030980981532972
market_control::kw::63fcde3494055a563c72cb12,kw_market,0.9909272381431925,-0.49705025404166203,4,0.31173264721138616,0.6261357443861264,0.062131608402487486
market_control::kw::64136f616f4202871d6bb12e,kw_market,-0.9658776963730237,-0.43560286725327807,2,0.6661632234871446,0.19613146081627375,0.13770531569658162
market_control::kw::648389c81becc3ac1ef1abae,kw_market,-0.8911131209805151,-0.46365925385732093,2,0.6587086387204919,0.20874951692272772,0.13254184435678032
market_control::kw::6486a553007b81f8f2d486f6,kw_market,-0.10173882954887792,-0.5751415481058965,3,0.5346763577127431,0.36808589364354605,0.09723774864371089
market_control::kw::64bbe3ccf05e537a07257be2,kw_market,-0.8911131209805151,-0.46365925385732093,2,0.6587086387204919,0.20874951692272772,0.13254184435678032
market_control::kw::64f22ad418d6bb613bca00e4,kw_market,-0.6299919164681198,-0.1569794490908893,1,0.5938281912698029,0.24402972373917484,0.16214208499102228
market_control::kw::6517f127855e8baf0247b2dd,kw_market,0.2925872413999814,-0.6322539097403327,4,0.45754031344006385,0.4634275053651886,0.07903218119474753
market_control::kw::65198ae1d2294dbc8561e90c,kw_market,-0.9658776963730237,-0.43560286725327807,2,0.6661632234871446,0.19613146081627375,0.13770531569658162
market_control::kw::651aba4f4c64d6e7364a5483,kw_market,-0.571171336496432,2.003119061163574,3,0.27250277777570087,0.12290943241632381,0.6045877898079753
market_control::kw::651d3da180d4b0d9a79c33dd,kw_market,-0.9658776963730237,-0.43560286725327807,2,0.6661632234871446,0.19613146081627375,0.13770531569658162
market_control::kw::6528037f85230503e406a076,kw_market,0.21863675397001547,-0.4469784260857285,2,0.4649962304483165,0.43858005939986616,0.09642371015181739
market_control::kw::652d8a4cd08c6435db58fd9b,kw_market,0.7328598639392642,-0.45321444794166826,3,0.3612899001383408,0.5637365303675335,0.07497356949412562
market_control::kw::652ef14a9b030a4423aba2b2,kw_market,-0.0655011142623421,0.5950517326693929,3,0.43521997339475776,0.3141870062791156,0.2505930203261266
market_control::kw::652fd6db8f5f2657e3ce2f0e,kw_market,0.715115494967846,1.376835672331644,4,0.26149014019701683,0.41061372451184436,0.3278961352911388
market_control::kw::654001b69df601c766451ba4,kw_market,-0.8493891040106214,-0.43991043237701216,2,0.6508908282830704,0.21497696994855806,0.1341322017683715
market_control::kw::65452b2decb32a279cc02cbe,kw_market,-0.538679359556496,1.6638871549482426,2,0.326126093270736,0.15082253166427484,0.5230513750649891
market_control::kw::65466a2dd5eda75680390e5a,kw_market,-0.5939620952741725,-0.3059176297759585,1,0.6020038852358618,0.25600077154148065,0.14199534322265756
market_control::kw::654cc4367585dc78f77e81cb,kw_market,-0.02738281241373509,0.6167111284477519,3,0.4276910303716865,0.3206080606777029,0.2517009089506106
market_control::kw::654e555a3a0310fc21aee9ce,kw_market,-0.8719469655654314,-0.5698017106665189,2,0.6649177193452025,0.21458716473507733,0.12049511591972022
market_control::kw::656126622ad0ac5a2118e2fc,kw_market,0.426256813645865,0.8412081134468166,2,0.3434001114448209,0.40265856738648487,0.2539413211686942
market_control::kw::6571d671bd27124fc516adba,kw_market,-0.08584621745820147,-0.6457239185364761,3,0.5351734142699984,0.3740550883671203,0.09077149736288127
market_control::kw::659585d0d682df995ad2c5b5,kw_market,-1.0444283482932775,0.4282439908954608,3,0.5691854794033027,0.1563985252000079,0.2744159953966895
market_control::kw::6595b73546b2341b46337789,kw_market,-1.0586484150999362,0.9368331813104114,4,0.48477278765605125,0.1323299372420505,0.3828972751018982
market_control::kw::65995e978288a8907a2c4612,kw_market,0.09761039138040997,-0.330612001942881,2,0.48291992406152123,0.4049007977763166,0.11217927816216215
market_control::kw::6599b15ac5bd63ec64f8b1f5,kw_market,-0.6919747351146843,2.407123504028836,4,0.2143936338405451,0.08649807641495422,0.6991082897445007
market_control::kw::65abea576ca74c598aef13c3,kw_market,-0.4820952897411686,-0.3416584925829943,1,0.5873362586209776,0.2787482843859977,0.13391545699302473
market_control::kw::65ae2baa95efab88c481edc3,kw_market,0.7232529740272283,-0.0881228841443154,1,0.3511572520887027,0.5442014433946121,0.10464130451668531
market_control::kw::65b7cd609e8e7e53fb113123,kw_market,-0.8282133944450134,-0.548107949827886,2,0.6569314535174614,0.2213876619423268,0.1216808845402118
market_control::kw::65ba6a143395d20859b4de80,kw_market,-0.8874942700941338,1.3234591473524346,3,0.4040267526268993,0.13151984513055195,0.46445340224254866
market_control::kw::65be59f9d75c57ef759fd8d1,kw_market,0.9785446713276007,-0.21431840347950118,1,0.3075388735325705,0.6113055894527064,0.08115553701472313
market_control::kw::65bf6a50211c74f0d87b9838,kw_market,-0.7001343832496535,0.6500123014440286,2,0.5029637934775196,0.19474032552087514,0.30229588100160526
market_control::kw::65c124f50d9f69bff3c15313,kw_market,-0.3485814179775846,1.0927159215277933,1,0.4031918601278195,0.22230268106306786,0.3745054588091127
market_control::kw::65ca7d29af5b6440d955430a,kw_market,-0.571171336496432,2.003119061163574,3,0.27250277777570087,0.12290943241632381,0.6045877898079753
market_control::kw::65cbf8c525b3403076c1dfb2,kw_market,0.7232529740272283,-0.0881228841443154,1,0.3511572520887027,0.5442014433946121,0.10464130451668531
market_control::kw::65d515e376d72f9184ef8a5b,kw_market,0.19422098120160095,-0.36381651451498453,2,0.4658677467244929,0.42927018058645333,0.1048620726890538
market_control::kw::65d90ed584cbeefbb401d0e5,kw_market,-0.29499518669324754,0.293216176243043,4,0.49977497964807555,0.28687535347996085,0.21334966687196355
market_control::kw::65ddf5b38e9a6e841cf8cd68,kw_market,0.715115494967846,1.376835672331644,4,0.26149014019701683,0.41061372451184436,0.3278961352911388
market_control::kw::65e25a56b48b9af00aaf76d5,kw_market,-1.2755361907618286,-0.8263823412190779,4,0.7372595162722781,0.1594433700422292,0.1032971136854927
market_control::kw::65e4d77aff8f62cfcb72fe4c,kw_market,0.9909272381431925,-0.49705025404166203,4,0.31173264721138616,0.6261357443861264,0.062131608402487486
market_control::kw::65f5a84b838dcc1ac14602f2,kw_market,1.6213842349797534,-0.34161777036655344,3,0.20134688072051682,0.7514974283805849,0.04715569089889828
market_control::kw::65f98f88e930149a09c81d7d,kw_market,1.2595033824286033,-0.28793316908988925,2,0.25888395597924246,0.6773974719005966,0.06371857212016088
market_control::kw::660db49bcdfa7d05c613c1d2,kw_market,-0.3039108704975144,1.1237345202669324,1,0.39456914367566154,0.22744480621626878,0.3779860501080696
market_control::kw::660ea2291c47933085748669,kw_market,-0.736956226666309,0.6207879044234483,2,0.5109623582043259,0.19070173080415412,0.29833591099152
market_control::kw::661b3eeea891251d71cf97d5,kw_market,-0.7419589968422186,-0.5716931464980923,2,0.6460043022217946,0.23699314968707433,0.11700254809113106
market_control::kw::66293af123d55f1dadad5ceb,kw_market,0.09761039138040997,-0.330612001942881,2,0.48291992406152123,0.4049007977763166,0.11217927816216215
market_control::kw::662a64b57d9dbef7d2909788,kw_market,0.7680560391688322,-0.18368019534120023,1,0.3461139343447936,0.5600017925974536,0.09388427305775271
market_control::kw::6630f10a3f5ea2fb9b5afb71,kw_market,1.6213842349797534,-0.34161777036655344,3,0.20134688072051682,0.7514974283805849,0.04715569089889828
market_control::kw::66319e0f2593595737d7a13f,kw_market,-0.8493891040106214,-0.43991043237701216,2,0.6508908282830704,0.21497696994855806,0.1341322017683715
market_control::kw::66341ea0271d271dc78c8283,kw_market,-0.8493891040106214,-0.43991043237701216,2,0.6508908282830704,0.21497696994855806,0.1341322017683715
market_control::kw::6634e6202da0719ae4ec6455,kw_market,-0.571171336496432,2.003119061163574,3,0.27250277777570087,0.12290943241632381,0.6045877898079753
market_control::kw::66350282637e3f6f399f375b,kw_market,1.6213842349797534,-0.34161777036655344,3,0.20134688072051682,0.7514974283805849,0.04715569089889828
market_control::kw::6635316958a453da5e2af8b2,kw_market,-0.8282133944450134,-0.548107949827886,2,0.6569314535174614,0.2213876619423268,0.1216808845402118
market_control::kw::6636db94fa3ed150c2d78447,kw_market,0.07969297832320968,0.4679265107057821,3,0.42724472697609317,0.35493561434901544,0.21781965867489145
market_control::kw::6637fddf5464c05b3db40434,kw_market,-0.7419589968422186,-0.5716931464980923,2,0.6460043022217946,0.23699314968707433,0.11700254809113106
market_control::kw::6639038205f5175bb2fefbe4,kw_market,0.7232529740272283,-0.0881228841443154,1,0.3511572520887027,0.5442014433946121,0.10464130451668531
market_control::kw::66393ddc9483d4299b5e311e,kw_market,-0.8719469655654314,-0.5698017106665189,2,0.6649177193452025,0.21458716473507733,0.12049511591972022
market_control::kw::6642b0aa7f8de66d503f5f4e,kw_market,-0.6919747351146843,2.407123504028836,4,0.2143936338405451,0.08649807641495422,0.6991082897445007
market_control::kw::6643b6fd551de255d4e917d3,kw_market,-0.08584621745820147,-0.6457239185364761,3,0.5351734142699984,0.3740550883671203,0.09077149736288127
market_control::kw::6644cd28fd7654a27299baff,kw_market,-0.4178158982046769,-0.31898142671134205,1,0.5750410511935073,0.2907712343322917,0.13418771447420091
market_control::kw::6645755c72f71662e832dfb8,kw_market,0.4598975363800179,0.4775427737818422,4,0.36717786018023196,0.44251233000443835,0.19030980981532972
market_control::kw::6648be07b6deb19cf4573941,kw_market,-0.580121669064879,1.9100635508199366,2,0.2877441396367507,0.12839419610470645,0.5838616642585429
market_control::kw::664bbefbfaa70d966adfb11e,kw_market,-1.119727452540171,-0.6454109161641152,3,0.7040554965238398,0.1778121198587273,0.11813238361743288
market_control::kw::6650c46dc4f3ab332602c04b,kw_market,0.426256813645865,0.8412081134468166,2,0.3434001114448209,0.40265856738648487,0.2539413211686942
market_control::kw::6658734f08a0be4390ddf1bd,kw_market,0.4168472469056266,1.010196629154664,2,0.32927218170675615,0.38369175307525444,0.28703606521798947
market_control::kw::6658b3b6347b527af5f3bad3,kw_market,-0.4236297631347847,-0.7421646600853435,4,0.6042751173004051,0.30295375690012255,0.09277112579947239
market_control::kw::6658d40b7c86929c183cea9b,kw_market,-0.8911131209805151,-0.46365925385732093,2,0.6587086387204919,0.20874951692272772,0.13254184435678032
market_control::kw::6658e5d739ded7679b0d3648,kw_market,0.9909272381431924,-0.49705025404166203,4,0.31173264721138616,0.6261357443861264,0.062131608402487486
market_control::kw::6659f66a90c067aa84c591c0,kw_market,-0.9326907606037295,0.2956698030486116,3,0.5778713308528006,0.17702579628935988,0.24510287285783944
market_control::kw::665dccea1d994deb86673695,kw_market,-1.2755361907618286,-0.8263823412190779,4,0.7372595162722781,0.1594433700422292,0.1032971136854927
market_control::kw::665e26502758155528c8793e,kw_market,-1.1516879379888414,-0.6661516537129824,3,0.7097195890040701,0.17364584373225572,0.11663456726367419
market_control::kw::665e313a25cb5f40960dcc3e,kw_market,0.2925872413999811,-0.6322539097403327,4,0.4575403134400639,0.46342750536518856,0.07903218119474753
market_control::kw::665ed3e9a6d856341025d5e1,kw_market,0.09761039138040997,-0.330612001942881,2,0.48291992406152123,0.4049007977763166,0.11217927816216215
market_control::kw::665fad6a33f0031a4058cc26,kw_market,-0.9326907606037305,0.2956698030486112,3,0.5778713308528008,0.17702579628935974,0.24510287285783938
market_control::kw::666062305c022b9132277913,kw_market,-0.4442862128923083,1.1527295511527758,1,0.4024307371082821,0.2021756861558619,0.39539357673585596
market_control::kw::66636514bc4749ad83a2adc8,kw_market,0.7493647984639132,-0.5076642495405138,3,0.3594673449360979,0.5698486685271613,0.07068398653674089
market_control::kw::66684184ca1b579ea53e2001,kw_market,-0.17909143414961723,-0.5522229036773982,3,0.5482281492503002,0.34988096947154096,0.10189088127815893
market_control::kw::66684b1580d4a4d68d9f6d16,kw_market,0.2529955523439606,-0.3493743213950902,2,0.45358499011593933,0.4427618924834531,0.10365311740060748
market_control::kw::6668a638ee51b4f1656862e8,kw_market,0.4168472469056266,1.010196629154664,2,0.32927218170675615,0.38369175307525444,0.28703606521798947
market_control::kw::667178d77f8b6ed980c256ff,kw_market,-0.4178158982046769,-0.31898142671134205,1,0.5750410511935073,0.2907712343322917,0.13418771447420091
market_control::kw::66718b56365fa9f7aa5a330b,kw_market,-0.8493891040106214,-0.43991043237701216,2,0.6508908282830704,0.21497696994855806,0.1341322017683715
market_control::kw::6673705315e1f2006697c6da,kw_market,0.2529955523439606,-0.3493743213950902,2,0.45358499011593933,0.4427618924834531,0.10365311740060748
market_control::kw::6679d2f916fe8e0bccf073b7,kw_market,-0.8719469655654314,-0.5698017106665189,2,0.6649177193452025,0.21458716473507733,0.12049511591972022
market_control::kw::667c9f9c07cc857002729af5,kw_market,1.2349796847955923,-0.23321870766626215,2,0.26211962710161724,0.6697797971035736,0.06810057579480921
market_control::kw::667ca8ea11f10743686a4158,kw_market,-0.6919747351146843,2.407123504028836,4,0.2143936338405451,0.08649807641495422,0.6991082897445007
market_control::kw::66951ddbfab86d4133dfb14a,kw_market,0.45989753638001807,0.47754277378184184,4,0.3671778601802319,0.44251233000443835,0.19030980981532963
market_control::kw::669644b94d5073adf1f9f941,kw_market,1.3215539795542812,-0.28176313785670637,2,0.24821571059051908,0.690272738505324,0.06151155090415692
market_control::kw::66a795593c74c575b4b558c5,kw_market,-0.3485814179775846,1.0927159215277933,1,0.4031918601278195,0.22230268106306786,0.3745054588091127
market_control::kw::66a9843c53827f826e9738ed,kw_market,0.7232529740272283,-0.0881228841443154,1,0.3511572520887027,0.5442014433946121,0.10464130451668531
market_control::kw::66ad3561c1e5c019916365fb,kw_market,0.2186367539700153,-0.44697842608572913,2,0.46499623044831656,0.4385800593998661,0.09642371015181735
market_control::kw::66b0dbca7f5f04da0a408c1d,kw_market,0.09761039138041001,-0.3306120019428812,2,0.48291992406152123,0.4049007977763166,0.11217927816216214
market_control::kw::66b27d1addb6c513d4d783cb,kw_market,-1.058648415099936,0.9368331813104114,4,0.48477278765605125,0.13232993724205053,0.3828972751018982
market_control::kw::66b4b315e01eaf4739f7ef6a,kw_market,0.09761039138041001,-0.3306120019428812,2,0.48291992406152123,0.4049007977763166,0.11217927816216214
market_control::kw::66ba5e1536b184eb208686a3,kw_market,0.9785446713276007,-0.21431840347950118,1,0.3075388735325705,0.6113055894527064,0.08115553701472313
market_control::kw::66c3a8ddd2149ba10569cead,kw_market,-0.4178158982046769,-0.31898142671134205,1,0.5750410511935073,0.2907712343322917,0.13418771447420091
market_control::kw::66c3b7035a46fdbb0859d0ab,kw_market,0.9785446713276007,-0.21431840347950118,1,0.3075388735325705,0.6113055894527064,0.08115553701472313
market_control::kw::66c68b403ed0615d73a557e0,kw_market,0.37876968601663263,-0.4573736357501748,2,0.4331020509847362,0.4778139092824259,0.08908403973283792
market_control::kw::66c746f450506abe4d80b5e1,kw_market,-1.2755361907618286,-0.8263823412190779,4,0.7372595162722781,0.1594433700422292,0.1032971136854927
market_control::kw::66cb2cff2ed7c15cf86a457e,kw_market,0.2529955523439606,-0.3493743213950902,2,0.45358499011593933,0.4427618924834531,0.10365311740060748
market_control::kw::66ccca31c45aad520357f3fb,kw_market,-0.4236297631347847,-0.7421646600853435,4,0.6042751173004051,0.30295375690012255,0.09277112579947239
market_control::kw::66cde12da4d4980e9b1e0556,kw_market,0.4765509607480344,0.860509588472258,2,0.3348533313501628,0.412540465069228,0.2526062035806092
market_control::kw::66d6f727b4c2d9e52aa9a626,kw_market,1.7737481743571708,-0.337949527659812,4,0.17948103027042048,0.7782736516925519,0.0422453180370276
market_control::kw::66d88659f847e91642700180,kw_market,-0.6661400720783278,2.2134222382139606,3,0.24262286176229017,0.10004965295539625,0.6573274852823136
market_control::kw::66dc97e7cbba6864f17c410e,kw_market,-0.5117884162409277,1.6903212380511465,2,0.32040686847565597,0.1522433741848221,0.5273497573395219
market_control::kw::66de746bcfef35f46e85ed0f,kw_market,-0.08584621745820147,-0.6457239185364761,3,0.5351734142699984,0.3740550883671203,0.09077149736288127
market_control::kw::66dee58aac3312556cc5bef0,kw_market,-0.8719469655654314,-0.5698017106665189,2,0.6649177193452025,0.21458716473507733,0.12049511591972022
market_control::kw::66e76d0de95113d62f709ec5,kw_market,-1.2755361907618286,-0.8263823412190779,4,0.7372595162722781,0.1594433700422292,0.1032971136854927
market_control::kw::66eae2c28ad8563584cb7a55,kw_market,0.1460820662042363,1.888418765903418,4,0.254314847407439,0.23174546075685387,0.5139396918357072
market_control::kw::66eb8427a91699e7d2eefc29,kw_market,-0.8719469655654314,-0.5698017106665189,2,0.6649177193452025,0.21458716473507733,0.12049511591972022
market_control::kw::66f0a1d13629250f84bc2598,kw_market,-0.4178158982046769,-0.31898142671134205,1,0.5750410511935073,0.2907712343322917,0.13418771447420091
market_control::kw::66f305037af69346a9a55b42,kw_market,-0.17909143414961723,-0.5522229036773982,3,0.5482281492503002,0.34988096947154096,0.10189088127815893
market_control::kw::66f5366c7e5543684f266590,kw_market,0.967196937978136,0.7122486111363192,3,0.274465432743123,0.5446431762971755,0.1808913909597015
market_control::kw::67002f5d9dbfa2b783bc13fd,kw_market,-0.5117884162409277,1.6903212380511465,2,0.32040686847565597,0.1522433741848221,0.5273497573395219
market_control::kw::67055b370e3c0c4965a03128,kw_market,0.7680560391688322,-0.18368019534120023,1,0.3461139343447936,0.5600017925974536,0.09388427305775271
market_control::kw::670c812982889b44a1cd12fb,kw_market,-0.8493891040106214,-0.43991043237701216,2,0.6508908282830704,0.21497696994855806,0.1341322017683715
market_control::kw::670d9a104c440aaf6ee94ed7,kw_market,0.6540963484036276,-0.4296921894141962,3,0.37636991863339064,0.5437645816080163,0.07986549975859311
market_control::kw::6717cd1dc7ef68bb9dc8bf91,kw_market,-0.538679359556496,1.6638871549482426,2,0.326126093270736,0.15082253166427484,0.5230513750649891
market_control::kw::671846c76953b192c9269992,kw_market,-0.4236297631347841,-0.7421646600853428,4,0.6042751173004048,0.30295375690012266,0.09277112579947244
market_control::kw::6718fa3043e1839e51351385,kw_market,0.7232529740272283,-0.0881228841443154,1,0.3511572520887027,0.5442014433946121,0.10464130451668531
market_control::kw::671912820d4a64051a764936,kw_market,-0.2949951866932476,0.2932161762430428,4,0.4997749796480756,0.28687535347996085,0.21334966687196352
market_control::kw::6726ae14a783520d944f2951,kw_market,0.7232529740272283,-0.0881228841443154,1,0.3511572520887027,0.5442014433946121,0.10464130451668531
market_control::kw::672a6f5fc7bda7ce7ce814a7,kw_market,0.20832437869741965,1.5759801204284092,3,0.2889311031699527,0.2778228036118615,0.43324609321818575
market_control::kw::672bbb444ab4546a33718004,kw_market,0.21863675397001547,-0.4469784260857285,2,0.4649962304483165,0.43858005939986616,0.09642371015181739
market_control::kw::67376ab89f1322d144ef3a0d,kw_market,0.25299555234396065,-0.3493743213950902,2,0.45358499011593933,0.4427618924834531,0.1036531174006075
market_control::kw::673a0e734bd93029881db411,kw_market,0.7151154949678459,1.3768356723316455,4,0.2614901401970167,0.4106137245118441,0.32789613529113915
market_control::kw::673c1f36a2a0f1b3cac7e5dd,kw_market,-1.043722508072386,-0.7498131096581379,3,0.7024873897499742,0.19114082377167665,0.1063717864783492
market_control::kw::67407c617ee8b91996aed6ae,kw_market,-0.5231067994537322,1.4281733135443822,1,0.3640808381633569,0.1701590997179791,0.46576006211866405
market_control::kw::67420b3488f0786c8c142096,kw_market,-0.08584621745820147,-0.6457239185364761,3,0.5351734142699984,0.3740550883671203,0.09077149736288127
market_control::kw::67425ff05a1e573622ade37a,kw_market,0.9671969379781357,0.7122486111363189,3,0.2744654327431231,0.5446431762971754,0.18089139095970147
market_control::kw::6742ecbc50ae979ed5099784,kw_market,0.1942209812016006,-0.3638165145149853,2,0.46586774672449294,0.4292701805864533,0.10486207268905372
market_control::kw::67464f1e7e327bb792ac9af4,kw_market,0.2925872413999814,-0.6322539097403327,4,0.45754031344006385,0.4634275053651886,0.07903218119474753
market_control::kw::6749b08769e9ad43df3f085a,kw_market,-0.4442862128923083,1.1527295511527758,1,0.4024307371082821,0.2021756861558619,0.39539357673585596
market_control::kw::674d54d63248254461466239,kw_market,-0.4236297631347847,-0.7421646600853435,4,0.6042751173004051,0.30295375690012255,0.09277112579947239
market_control::kw::67506c9140f7ec4223d6c7be,kw_market,0.1942209812016006,-0.3638165145149853,2,0.46586774672449294,0.4292701805864533,0.10486207268905372
market_control::kw::675b73a2f8ca714cdf307be7,kw_market,-1.043722508072386,-0.7498131096581379,3,0.7024873897499742,0.19114082377167665,0.1063717864783492
market_control::kw::675ca2857e8537d362e26893,kw_market,-0.10666945812341293,1.1183201022643972,4,0.3764504111613921,0.26333887891965513,0.3602107099189529
market_control::kw::6761f75300af0601c94fb5fa,kw_market,-0.9658776963730237,-0.43560286725327807,2,0.6661632234871446,0.19613146081627375,0.13770531569658162
market_control::kw::67621d161556ae02bd0c2a8b,kw_market,0.29258724139998166,-0.6322539097403329,4,0.45754031344006374,0.46342750536518873,0.07903218119474749
market_control::kw::67628ff33a15445ebd5eda69,kw_market,0.7680560391688322,-0.18368019534120023,1,0.3461139343447936,0.5600017925974536,0.09388427305775271
market_control::kw::6762e3d80af1b3f2a2c3895a,kw_market,0.7680560391688322,-0.18368019534120023,1,0.3461139343447936,0.5600017925974536,0.09388427305775271
market_control::kw::676302645c023570f5d43a0f,kw_market,0.2925872413999814,-0.6322539097403327,4,0.45754031344006385,0.4634275053651886,0.07903218119474753
market_control::kw::6764511bc51bb2dab8c64b16,kw_market,-0.7001343832496535,0.6500123014440286,2,0.5029637934775196,0.19474032552087514,0.30229588100160526
market_control::kw::67648c8aedf5d8073ca5f120,kw_market,-1.058648415099936,0.9368331813104114,4,0.48477278765605125,0.13232993724205053,0.3828972751018982
market_control::kw::6764d8c9aaf6f9510d1c68a9,kw_market,-0.4236297631347847,-0.7421646600853435,4,0.6042751173004051,0.30295375690012255,0.09277112579947239
market_control::kw::6765729d20a03e951aa84f2c,kw_market,0.9785446713276007,-0.21431840347950118,1,0.3075388735325705,0.6113055894527064,0.08115553701472313
market_control::kw::67657d4bd50d390b8e785097,kw_market,-1.1852415740571156,0.15910548132209498,4,0.6217354182173863,0.1481556820870576,0.23010889969555606
market_control::kw::6769ca30dda9131a6c8a92cb,kw_market,0.07969297832320968,0.4679265107057821,3,0.42724472697609317,0.35493561434901544,0.21781965867489145
market_control::kw::676c759c9461dbd7edccdca6,kw_market,0.7328598639392642,-0.45321444794166826,3,0.3612899001383408,0.5637365303675335,0.07497356949412562
market_control::kw::676fe0077976e8807cd2600f,kw_market,-0.4178158982046769,-0.31898142671134205,1,0.5750410511935073,0.2907712343322917,0.13418771447420091
market_control::kw::6772f2f973632e9abc06ff3b,kw_market,-0.17909143414961723,-0.5522229036773982,3,0.5482281492503002,0.34988096947154096,0.10189088127815893
market_control::kw::67740dc45be1bcdc911ee2fe,kw_market,-1.043722508072386,-0.7498131096581379,3,0.7024873897499742,0.19114082377167665,0.1063717864783492
market_control::kw::6774958ebee5b6ba3bafe4c6,kw_market,-0.5231067994537322,1.4281733135443822,1,0.3640808381633569,0.1701590997179791,0.46576006211866405
market_control::kw::67755e6f391dd47ac7525c87,kw_market,1.407696333728675,-0.3049628785587404,2,0.23428421648079784,0.7089278853157123,0.056787898203489916
market_control::kw::6775aacf5a466dcc31d5b368,kw_market,-0.6299919164681198,-0.1569794490908893,1,0.5938281912698029,0.24402972373917484,0.16214208499102228
market_control::kw::6776c640c441a770cf2f7db5,kw_market,-0.8493891040106214,-0.43991043237701216,2,0.6508908282830704,0.21497696994855806,0.1341322017683715
market_control::kw::677819172a941c8b9502932f,kw_market,-1.0567811251449928,-0.6654953703716517,3,0.6976857144305539,0.1874910611637122,0.1148232244057339
market_control::kw::677958490f7a301549a76602,kw_market,0.9785446713276007,-0.21431840347950118,1,0.3075388735325705,0.6113055894527064,0.08115553701472313
market_control::kw::677af995d5aabfb59f938acf,kw_market,-0.8957763248535505,1.6526372681652692,4,0.3446089391063898,0.11197024084336346,0.5434208200502466
market_control::kw::677d6b77fb855e239a363913,kw_market,1.3215539795542812,-0.28176313785670637,2,0.24821571059051908,0.690272738505324,0.06151155090415692
market_control::kw::677db392d5b39cac125c8dfb,kw_market,-0.4178158982046769,-0.31898142671134205,1,0.5750410511935073,0.2907712343322917,0.13418771447420091
market_control::kw::677e66aeda5ddb35145c52eb,kw_market,-0.9658776963730237,-0.43560286725327807,2,0.6661632234871446,0.19613146081627375,0.13770531569658162
market_control::kw::678041088952b9da0a4734ae,kw_market,-1.0444283482932775,0.4282439908954608,3,0.5691854794033027,0.1563985252000079,0.2744159953966895
market_control::kw::6781faa83e147cbd160d2409,kw_market,-1.119727452540171,-0.6454109161641152,3,0.7040554965238398,0.1778121198587273,0.11813238361743288
market_control::kw::678557116f825dad357b623c,kw_market,0.8979342125466696,-0.2215651947627225,1,0.3227361886628851,0.5927980305073176,0.08446578082979733
market_control::kw::67886304e14cde87368e3688,kw_market,-0.4820952897411686,-0.3416584925829943,1,0.5873362586209776,0.2787482843859977,0.13391545699302473
market_control::kw::678989bea77beeb59f622658,kw_market,0.8979342125466696,-0.2215651947627225,1,0.3227361886628851,0.5927980305073176,0.08446578082979733
market_control::kw::6789c87c592bb3021078ff42,kw_market,-0.5939620952741725,-0.3059176297759585,1,0.6020038852358618,0.25600077154148065,0.14199534322265756
market_control::kw::678c21297d5530210477d1ec,kw_market,-0.10173882954887804,-0.5751415481058963,3,0.5346763577127431,0.36808589364354605,0.0972377486437109
market_control::kw::67916f3e5f32e828b221bb81,kw_market,0.21863675397001547,-0.4469784260857285,2,0.4649962304483165,0.43858005939986616,0.09642371015181739
market_control::kw::6798ae13687f9a946efe51eb,kw_market,0.9785446713276007,-0.21431840347950118,1,0.3075388735325705,0.6113055894527064,0.08115553701472313
market_control::kw::67a92eb40002d1f843008b03,kw_market,0.4168472469056266,1.010196629154664,2,0.32927218170675615,0.38369175307525444,0.28703606521798947
market_control::kw::67aac3d6da39590556da57b4,kw_market,-0.7001343832496535,0.650012301444029,2,0.5029637934775195,0.19474032552087506,0.3022958810016053
market_control::kw::67acb851f56c4346d17bea0a,kw_market,-0.6299919164681198,-0.1569794490908893,1,0.5938281912698029,0.24402972373917484,0.16214208499102228
market_control::kw::67cb97aa66285604188d577a,kw_market,0.17749418727353317,1.557072269401394,3,0.29378709036675243,0.27397898881484883,0.43223392081839873
market_control::kw::67ccf5aaec16501a9fec7097,kw_market,0.07969297832320965,0.467926510705782,3,0.42724472697609317,0.35493561434901544,0.21781965867489142
market_control::kw::67cf5ec3ba426f48883865b2,kw_market,-1.2755361907618286,-0.8263823412190779,4,0.7372595162722781,0.1594433700422292,0.1032971136854927
market_control::kw::67e1da8a432675c0e850e8d1,kw_market,1.7737481743571708,-0.337949527659812,4,0.17948103027042048,0.7782736516925519,0.0422453180370276
market_control::kw::67e80fd6ef19882569cf49d3,kw_market,-0.3039108704975144,1.1237345202669324,1,0.39456914367566154,0.22744480621626878,0.3779860501080696
market_control::kw::67eaa46b7bb6cbefdcbde74c,kw_market,-0.10666945812341293,1.1183201022643985,4,0.3764504111613919,0.26333887891965496,0.3602107099189531
market_control::kw::67ebd1d4bb59134cd76d76dd,kw_market,-0.3039108704975144,1.1237345202669324,1,0.39456914367566154,0.22744480621626878,0.3779860501080696
market_control::kw::67ef19849ce42ec68447928e,kw_market,0.7328598639392634,-0.4532144479416682,3,0.36128990013834095,0.5637365303675332,0.07497356949412566
market_control::kw::67ef271a077b57be115e4a24,kw_market,0.1460820662042363,1.888418765903418,4,0.254314847407439,0.23174546075685387,0.5139396918357072
market_control::kw::680d2af1cec0860b4f0f3fad,kw_market,0.1460820662042363,1.888418765903418,4,0.254314847407439,0.23174546075685387,0.5139396918357072
market_control::kw::68123a73ba06c472ccd5edb8,kw_market,0.2529955523439606,-0.3493743213950902,2,0.45358499011593933,0.4427618924834531,0.10365311740060748
market_control::kw::6813fb6e6bf8c3d60d489aa4,kw_market,-0.7001343832496535,0.650012301444029,2,0.5029637934775195,0.19474032552087506,0.3022958810016053
market_control::kw::6818e359bac0edc6d7967947,kw_market,-0.3485814179775846,1.0927159215277933,1,0.4031918601278195,0.22230268106306786,0.3745054588091127
market_control::kw::6824fd5f12b792fdaec9b2be,kw_market,-1.043722508072386,-0.7498131096581379,3,0.7024873897499742,0.19114082377167665,0.1063717864783492
market_control::kw::682873b45f6f878f3e09f079,kw_market,0.1460820662042363,1.888418765903418,4,0.254314847407439,0.23174546075685387,0.5139396918357072
market_control::kw::682ce81464477d02bf7e7fd0,kw_market,0.809858880338501,0.8303976776362298,3,0.29047506864944994,0.4952287531901591,0.21429617816039098
market_control::kw::6848926c273c09f28311df5c,kw_market,-0.7741294111051656,1.1544989793370228,3,0.42706770271126715,0.15500884209912658,0.4179234551896063
market_control::kw::68729361bee62f6a3fb232ec,kw_market,0.8098588803385008,0.8303976776362304,3,0.29047506864944994,0.495228753190159,0.2142961781603911
market_control::kw::6877bdcaf946816818814ec3,kw_market,-0.9326907606037305,0.2956698030486112,3,0.5778713308528008,0.17702579628935974,0.24510287285783938
market_control::kw::68a6dc664cd3d2a30d5b5a24,kw_market,-0.6299919164681198,-0.1569794490908893,1,0.5938281912698029,0.24402972373917484,0.16214208499102228
market_control::kw::68ff34118d155f3c126368d4,kw_market,1.6057375498937188,-0.3045866207944419,3,0.2032957252914534,0.7473115277664466,0.049392746942099906
market_control::kw::691248ae869389d0f017a135,kw_market,1.6213842349797534,-0.34161777036655344,3,0.20134688072051682,0.7514974283805849,0.04715569089889828
market_control::kw::6929d6581f54fd39c4c59891,kw_market,0.09761039138041001,-0.3306120019428812,2,0.48291992406152123,0.4049007977763166,0.11217927816216214
market_control::kw::692f63e0732ec758dc04cd49,kw_market,-0.4236297631347846,-0.7421646600853435,4,0.6042751173004051,0.30295375690012255,0.09277112579947239
